ball_x,ball_y,ball_dx,ball_dy,paddle_y,action
37.454011884736246,95.07143064099162,0.4639878836228102,0.1973169683940732,15.601864044243651,2
15.599452033620265,5.8083612168199465,0.7323522915498704,0.2022300234864176,70.80725777960456,1
2.0584494295802447,96.99098521619943,0.6648852816008435,-0.5753217786434477,18.182496720710063,2
18.34045098534338,30.42422429595377,0.04951286326447568,-0.13610996271576847,29.122914019804192,0
61.18528947223795,13.949386065204184,-0.4157107029295637,-0.2672763134126166,45.606998421703594,1
78.51759613930136,19.967378215835975,0.02846887682722321,0.18482913772408494,4.645041271999773,2
60.75448519014384,17.052412368729154,-0.869896814029441,0.8977710745066665,96.56320330745594,1
80.83973481164611,30.46137691733707,-0.8046557719872323,0.3684660530243138,44.01524937396013,1
12.203823484477883,49.51769101112702,-0.9312229577695632,0.8186408041575641,25.87799816000169,2
66.2522284353982,31.171107608941096,0.040136042355621626,0.0934205586865593,18.485445552552704,2
96.95846277645586,77.51328233611146,0.8789978831283782,0.7896547008552977,59.78999788110851,2
92.18742350231169,8.84925020519195,-0.6080342751617096,-0.9095454221789239,32.53303307632643,1
38.8677289689482,27.134903177389592,0.6574750183038587,-0.28649334661282144,28.093450968738075,0
54.26960831582485,14.092422497476264,0.6043939615080793,-0.8508987126404584,98.68869366005173,1
77.22447692966574,19.87156815341724,-0.9889557657527952,0.6309228569096683,70.68573438476172,1
72.90071680409874,77.12703466859458,-0.8519106965318193,-0.2830685429114548,11.586905952512971,2
86.31034258755935,62.329812682755794,-0.3382039502947016,-0.8728832994279527,31.09823217156622,2
32.518332202674706,72.96061783380641,0.27511494271042625,0.7744254851526531,47.22149251619493,2
11.959424593830171,71.3244787222995,0.5215700972337949,0.12255439513899247,77.0967179954561,1
49.379559636439076,52.27328293819941,-0.14491796328290074,-0.9491617465118096,10.789142699330444,2
3.142918568673425,63.64104112637804,-0.37128803784734665,0.01714138232940554,90.7566473926093,1
24.929222914887493,41.038292303562976,0.5111022770860973,-0.5424036690167551,7.697990982879299,2
28.9751452913768,16.122128725400444,0.8593953046851461,0.6162407591288339,63.34037565104234,1
87.14605901877177,80.36720768991145,-0.6268598822279283,0.7851179969799555,53.93422419156507,2
80.74401551640625,89.60912999234932,-0.36399305005627225,-0.7798961509446465,22.793516254194166,2
42.71077886262563,81.80147659224932,0.7214611665126869,-0.9860957389376186,51.07473025775657,2
41.7411003148779,22.210781047073024,-0.7602692653326344,-0.3247696571927441,94.29097039125192,1
32.320293202075526,51.87906217433661,0.4060379177903557,-0.27274079524141204,97.17820827209607,1
96.24472949421113,25.178229582536417,-0.005502988215229099,-0.3982433803664607,28.484049437746762,0
3.6886947354532795,60.956433397989684,0.005358046457722976,-0.8970424975000213,27.864646423661142,2
90.82658859666537,23.95618906669724,-0.7102102558175538,-0.02109447944487397,98.56504541106007,1
24.20552715115004,67.21355474058785,0.5232392306574352,-0.5247249120152007,72.82163486118596,1
36.77831327192532,63.23058305935795,0.2670594215217894,0.07154936814951696,9.02897700544083,2
83.5302495589238,32.07800649717358,-0.6269629792002915,-0.9184497168904722,59.08929431882418,1
67.75643618422824,1.6587828927856152,0.024186116598561958,-0.5470084496041241,64.51727904094498,1
17.436642900499145,69.09377381024659,-0.22652930739892518,0.873459977473469,13.752094414599325,2
34.10663510502585,11.347352124058908,0.8493872365571256,0.754678706761962,25.79416277151556,1
65.99840460341791,81.72222002012158,0.11040162319892466,0.05930115671201297,24.18522909004517,2
9.310276780589922,89.72157579533267,0.8008361143266609,0.2662029145465359,33.90297910487007,2
34.92095746126609,72.59556788702393,0.7942205199051542,0.7741728485302346,77.98755458576238,1
64.20316461542878,8.413996499504883,-0.6767425718107725,0.7971083770541585,60.642905965958995,1
0.9197051616629648,10.147154286603211,0.3270035382161116,-0.9898768323075626,16.080805141749867,1
54.87337893665861,69.18951976926932,0.30392251900520106,-0.5514613810788804,71.2179221347536,0
23.724908749680008,32.539969815926774,0.4929828102360483,0.2992657980944293,84.9223410494178,1
65.76128923003434,56.830860333547164,-0.812650464343815,-0.26456839388113296,26.520236768172545,2
24.398964337908357,97.30105547524455,-0.2138045506664792,0.7840931103542266,63.11386259972629,2
79.48113035416485,50.26370931051921,0.15380776925271822,-0.0149646123622722,19.52429877980445,2
72.24521152615053,28.07723624408558,-0.9513680671370923,0.29094459181433563,17.711067940704893,2
94.04585843529144,95.39285770025873,0.829728780440897,-0.2596825994891112,1.5456616528867428,2
92.83185625877253,42.81841483173143,0.9333096380873391,0.9272399541785057,85.300945546736,1
29.444889206958567,38.50977286019253,0.7022733430337138,-0.36615598968744467,16.94927466860925,2
55.68012624583501,93.6154774160781,0.392059593349946,0.14012234017872993,9.717649377076853,2
61.500722669916975,99.00538501042632,-0.7198319695269519,0.036659304727473474,87.73730719279554,2
74.07686177542044,69.7015740995268,0.40496816797421853,-0.28101769756048967,29.359184426449335,2
80.93611554785136,81.01133946791808,0.7341446371602074,0.8264811051129426,51.13423988609378,2
50.15162946871996,79.82951789667752,0.2999278615555303,0.4039337545154067,79.57926694361011,0
89.00053418175663,33.79951568515358,-0.24883409472011198,-0.812036120318262,57.8280140996174,1
3.5942273796742086,46.55980181324602,0.08528926941515325,-0.4269174957434312,59.08332605690107,1
3.050024993904943,3.7348188749214417,0.6452011213193165,-0.2796187171774742,12.706051265188478,1
52.224326005480435,76.99935530986109,-0.5683579450063136,0.2457809516380005,8.5347464993768,2
5.16817211686077,53.1354631568148,0.08127024322021303,0.2748598029964131,72.60913337226616,1
97.58520794625346,51.630034830119534,-0.35408705411750807,0.5903723895374073,27.083225126207424,2
43.89714207056361,7.845638134226595,-0.949298513169085,0.9252968293558501,83.59801205122058,1
69.59742060936979,40.89529444142699,-0.6534113598583084,-0.6871259146578279,25.024289816459532,2
54.92266647061205,71.45959227000624,0.32039475343546253,-0.4401322061081143,95.48652806631941,1
73.78969166957685,55.43540525114007,0.22344149246870448,-0.16079987514442018,24.773098950115745,2
35.597267865126156,75.78461104643691,-0.9712130227404883,-0.7678547189861675,4.600264202175275,2
4.072880231897013,85.54605840110072,0.40731571876004735,-0.05165234182534961,9.783416065100148,2
49.16158751168324,47.34717707805657,-0.6535962601799696,-0.13229670152405393,39.85047343973734,2
61.585009805221645,63.50936508676438,-0.909391980455911,-0.25077477074705756,62.58599157142364,0
50.31362585800877,85.64898411883223,0.31738726323789,-0.6741311458371406,7.056874740042984,2
64.24192782063156,2.6511310541621813,0.1715511625469266,0.8804604828499152,57.5474177875879,1
38.816992620652194,64.32882184423532,-0.08349421901696674,0.09123357863186987,94.14648087765252,1
38.610263780077425,96.11905638239142,0.8107012839121275,-0.6084177304214071,6.9361300875165455,2
10.077800137742665,1.8221825651549728,-0.8111140784881432,0.3660135468327137,7.118864846022898,1
31.89756302937613,84.48753109694546,-0.9534561285283483,0.6289369651778716,28.185477477339994,2
11.816482762165625,69.67371653641507,0.257885693559768,0.7549440270541059,73.50710438038858,0
80.34809303848486,28.203457257130648,-0.6451209124405544,0.5012295032817167,80.6834739267264,1
99.05051420006733,41.26176769114265,-0.25596382841443366,0.5528259214839937,34.08035402530179,2
93.07573256035647,85.84127518430118,-0.1420119452499633,0.5017421355829947,75.45428740846823,2
10.31238688359326,90.25529066795667,0.01050474489571429,0.6529149322154832,32.00496010306117,2
89.55232284962005,38.92016787341631,-0.9783246970394033,0.8107639528385273,9.128667678613356,2
31.93136375904149,95.0061967050805,0.9012142938751122,0.14687577624657222,63.183721216979926,2
44.84455219783198,29.321077169806454,-0.3426709092601681,0.34503691215407684,75.237452943768,1
79.15790437258485,78.96181427945538,-0.8175877939026193,-0.01115939059483706,5.755876001664428,2
54.95288823237355,44.1530501373377,0.7754083655165995,-0.2981699748958426,11.706701642760587,2
14.299168205283586,76.15106317174723,0.23643612663252211,-0.7977546477544195,8.410680611499743,2
70.096913145912,7.276300636419353,0.6437201185807124,0.4124844543129924,8.134878064189976,0
8.483771408519193,98.66395785011754,-0.25145840848775936,-0.25871570586621817,81.27995672575025,2
94.72485773838586,98.6001063822871,0.5067563705178832,-0.24748082893816847,8.350071669866876,2
77.71469159274368,55.840424973580504,-0.15155598150604743,0.812708770189472,11.119748230615134,2
49.262510429085914,1.1353644767419069,-0.06267871601174746,-0.8873934486363253,11.881791626807193,1
11.752624677710488,64.92103021160635,0.4920897585308466,0.16673753019431925,96.21725484745419,1
37.48705795237041,28.571208628186074,0.7371982563789206,-0.5528083229610947,96.32225394406113,1
1.2154474689816341,96.98788267076391,-0.9136801760988478,0.7822862273961422,52.77011090862999,2
99.29647961193004,7.379656473539886,0.10770856880264157,0.9386050712381979,52.30978441701488,1
62.93986381352625,69.57486889846172,-0.09091787046445354,0.2551161601681269,58.43143119231002,2
90.11580104909889,4.5446380341457875,-0.43807362081553936,0.9008229681531175,89.02637838909163,1
45.56567527857129,62.013259780153675,-0.44523763403773464,-0.6237576805524774,46.36984049399822,2
35.33522280260528,58.365611185087204,-0.8445307260700303,0.948789615332333,98.62107444796028,1
69.81617140197451,53.60963663441204,-0.3809447674273445,0.6275900394138973,68.47311725538793,1
16.26169393448913,91.09271844938425,0.645074485846338,0.8995998265838481,72.571950838836,2
61.34151959357899,41.82430362906189,0.8654569667080265,0.7321277790008167,4.521867010618941,2
2.6366974497252005,37.64633668780496,0.6211066615636658,0.9745522586298889,15.041689110352818,2
59.41307153521351,38.08908566310215,0.9398287956292064,0.6842378462714174,83.83287047111378,1
46.86931597949703,41.48195023376652,-0.45318585613858753,-0.8872490066981458,86.47223762550531,1
81.29010091300776,99.97176732861305,0.9932736741478108,0.11086341120525489,76.89874151805105,2
94.47657298824281,84.96473906774115,-0.5053037965136047,-0.09891172937981296,12.915941515149498,2
95.40510272587224,60.617463445088006,-0.5427143889930746,0.34340136881171346,61.81282404578958,0
35.81627180328405,11.355759219962902,0.3431463911855992,0.040615401807586604,77.23183917356393,1
52.01635011119934,85.21815003185401,0.10381367754897108,0.12187594307077254,87.66536026583451,0
40.3482866212397,13.401522845064074,-0.942434647373322,0.510274511347238,62.03095513534647,1
70.40797680992236,21.296416150891073,-0.7272570488264605,-0.9709106686642361,35.058755880659696,1
58.991768685463306,39.22440450997323,-0.12505015595254187,0.8083173889874968,34.82554670233004,0
51.39894891598108,78.3653012741143,-0.20691443535745968,0.24417340045574698,86.23637087467452,1
94.9520623657642,14.707348092903793,0.8531752503229888,-0.015767413840923616,25.824438829895836,1
45.913575623826134,98.0032575285477,-0.014763812014260802,-0.3424967794249836,63.34008543167258,2
24.014561877819308,7.586332810866391,-0.7422405561787015,-0.7439083220844551,15.190269351229436,1
13.882717264941014,64.08747448032146,-0.6362398312017103,-0.3086654333522736,89.67884099060119,1
47.39616402628724,66.75577385210272,-0.6553602575967403,-0.6154219623826584,4.086861626647886,2
16.893506307216455,27.85903390319586,-0.6459790314465064,-0.8225949324858888,12.06358711006008,2
46.077876803272574,20.63337184057925,-0.2714602779038491,0.0068345417097137595,69.03948286293652,1
3.9312139841098936,79.94103989090426,0.2558007789818155,-0.8364819361022562,87.35786241067773,1
92.08724005318132,6.107795985486375,-0.44624470370559255,0.6124025595861227,74.82596903836584,1
18.45210193563773,20.93493233367103,-0.25905579441723603,-0.030954029617957346,61.825477153029595,1
36.891363956977244,46.25347161331479,0.49494187626751307,-0.9266335942188042,25.243694434402077,2
71.33495858845524,89.52068376871993,0.02335488423133225,0.06422697053063131,10.717201133977605,2
44.741236682345466,53.261726645502314,-0.5150589927305407,-0.4615135381012381,37.728416310462265,2
2.007119777772637,32.20791655831783,-0.5771039860069107,-0.3450052956441707,11.976213181925122,2
89.0527280739895,59.359245355404866,0.3582046382889792,0.5783424772146766,49.84421989290573,2
8.69202880874237,53.71065418185478,0.17368223604175825,0.49087894836866,43.16595462296794,2
12.758030279556376,28.377590579872447,-0.2738354072027298,0.29183448266320244,57.077830466891186,1
35.60967258978462,98.65152487929797,0.2115496387137743,-0.525546416528011,10.178247262040374,2
15.285913918433202,24.595772838450813,-0.6786372534808887,-0.6268659518973885,28.50951686938471,0
17.33735952947548,89.67654246264252,-0.8395325086767156,0.04902277914050934,41.03968269896615,2
98.23786169086064,11.203890216805235,-0.20428880190851673,0.9389408665507377,86.55071258939803,1
81.707207094928,25.790282704493983,-0.6582248252198684,0.337286439848862,92.93759891275857,1
55.67628930139298,57.161268946989985,-0.44004181267943165,0.5389858663838738,18.704374855752338,2
32.367923640424365,42.54364386164168,0.015220757368910043,-0.5151805351698395,11.483682473920354,2
61.06200424416326,28.863055324025577,0.16247644284522456,-0.6912745694515954,48.114010185481746,1
53.258943255158584,5.182353682242691,-0.32679144361215884,-0.7311706461220515,6.337497047276774,0
98.99602323899452,32.235384497472296,0.6197488917092697,-0.4907186904724723,68.15027222239293,1
76.02278598896865,59.56387406078443,-0.05684762289968326,-0.17631817170546293,34.88682665429953,2
92.95291442478259,83.06194077877291,0.9300538213330252,-0.7514055530289105,73.08674752036443,2
93.83404568210378,18.123306616566015,-0.867007465266445,0.4822412985801181,57.44731131799119,1
84.1828776758272,13.97723766262895,0.5905346237197804,-0.5967453599045109,16.36559428657045,0
16.426579793099293,81.45747202313821,0.33039444139240026,0.04613084953823865,35.88304841235025,2
87.72005408131082,39.244510742263536,0.6331988789431542,-0.12173018285956316,37.69444294249076,0
46.26797856696064,30.13778741641421,0.49521876035250223,0.005440780184958305,23.22126951468173,2
89.95745732745685,38.38912213732114,0.08710572222797719,0.8129442219290939,62.42379959139921,1
11.689804070836407,93.98321236134751,0.2554161061428357,-0.33018877068582775,13.927207266338726,2
79.4025189270296,62.00727559285135,0.06692218395264304,0.7877851661019153,78.85972112245308,1
15.167487973275119,31.172206779554823,-0.5030217203710685,0.48789258514535394,3.353243473577938,2
56.98896848713165,76.24586857406905,0.7535312735234989,-0.3158365025681851,82.12573046720128,1
11.063173695520723,84.64522917345182,-0.7450226753360352,-0.20542541887926546,79.72953657795536,0
14.991742734877377,22.92513952326415,0.44450513678613257,0.4400730730921487,64.11476328852973,1
69.39484444671,54.27244433475962,-0.4964018821860945,-0.3086080129921611,18.159771680142565,2
90.84505613336283,58.339179476612046,-0.19829716647272022,-0.07598839271173463,94.72833396118153,1
15.33514031160802,58.62298320167972,0.011777357768931962,0.22290847086929566,1.8110183820840509,2
87.21239089441515,93.21182824836124,0.13026636717841789,0.3933016477537845,92.24993811772957,0
70.72386343133986,15.253904291426135,0.15257672033362635,0.2134300927657118,42.4130671302386,1
73.64442356247228,93.43670147690149,0.8511370258135527,-0.09832125719173579,11.323804584075525,2
98.48411989623345,83.88980864459342,-0.7506746375934663,0.8416837652347446,86.98963620621282,0
51.88380571260721,59.127543574492925,-0.20199459225973948,-0.8904767223559373,33.519724164590095,2
80.28534485980114,0.4632023004602859,-0.33300165661771164,-0.20366261281811338,53.73956029379229,1
91.98556164127605,34.634599436596126,-0.3060935962075446,0.47500249621949675,45.221794088980715,1
22.460482293998197,45.24395161326934,-0.7182859592404003,-0.6472260269875534,49.83677727394797,0
41.89254495045479,91.48459010681,-0.2752122017667338,0.1611767005560869,63.22642879195304,2
1.3094456588333636,66.35373720167107,-0.6439280662604971,0.9221406349389103,14.866272775311295,2
41.462412372702374,8.534966807864386,0.9937485036918947,0.004390020662485172,59.53850173200438,1
6.7076477388427485,74.99604703991778,-0.5801888138088285,0.7961085788814275,20.513964048200716,2
19.068772066366655,3.654966784809488,-0.055866109780001505,0.12968226652523285,6.570863942835237,0
77.55276166950105,45.32888347480276,0.04878053865516008,-0.11847450612354371,40.0763060875326,2
55.96403313082179,15.52402459307125,-0.6361437390094578,0.7235712420270346,94.61154621336327,1
37.330931627975296,27.074467314355378,0.2879990864780315,-0.1825316578038072,2.538635566034486,2
15.615259736619036,71.59722288473975,0.3178478838203027,-0.945808014993033,22.197216193294945,2
23.10747965880714,67.18927435987284,-0.9605789244912717,-0.7917828360308523,79.99160853731894,1
17.85446620543336,65.27461078518748,-0.523634437906547,-0.8011172144813097,24.317219099945408,2
72.22669318556592,85.56964681062857,0.6604397291339832,-0.20563294076309035,66.80851365706462,2
20.498429541582098,29.314773026101328,0.7926716370422395,-0.9739961529785279,8.550853085446807,2
20.78862551460273,2.6532203873819715,-0.6371291298204054,0.16608312193938435,42.1424550592498,1
89.26717110769748,81.7443561738441,-0.31636529660424806,-0.48115313313741503,37.96924081672669,2
59.02949425148078,26.806364082287626,0.24829781569826803,-0.18117669561751915,55.204718085198024,1
43.61265291353167,29.44657595419177,0.8969066139243134,0.5272115883195216,14.011317576645254,2
86.84679758979128,48.743119824951364,0.7891044537881828,0.5997105118946304,42.52135044692334,2
2.24693083201174,26.867735938494608,0.08326842932173384,0.26695643965229454,25.788768543320227,0
13.935607407282413,83.4930236799299,0.9688043614071042,0.05138036460537165,17.16792858483035,2
27.230732651936897,1.8390676547466733,0.828597613120998,-0.7644978342197177,57.651647551425356,1
27.4055220687206,55.417800251579344,0.30284077670372844,0.6594836074144033,20.64212717606032,2
1.0995828658480478,13.688563006880727,0.8000372836962102,0.7477801551250305,59.74131021703083,1
60.051686043365336,66.50366745462554,-0.6492574427531008,0.8288238918499196,41.87705248920731,2
38.31385282494975,51.89177052828376,-0.9060680664498899,-0.6674332624878412,73.80336164263704,1
8.279866792512646,60.31521094663882,-0.5093017806373581,-0.2214087719160469,28.869373677069987,2
35.567271646494916,71.90459051842456,-0.40575656875364996,0.13280928059379438,47.60504021990997,2
66.36711653626482,93.6829739324758,0.4651441944205006,-0.5701192428184865,3.1183135061284672,2
26.22640442998251,59.507793070025485,-0.8971483730314993,-0.007267505597527313,59.68428489168892,0
33.424389081696084,77.09122037458219,-0.7868034937324564,-0.8497244365283825,72.81887562036033,0
49.549131620619846,68.84023964277361,-0.13034532279250755,-0.5071959335217864,81.91023176741997,1
79.94158789689793,69.46964708544267,-0.4557097255400746,0.1804613337381742,36.09738969400268,2
9.158207332663416,91.73135754622427,-0.7263627381620772,0.9004747076416049,44.600577295795574,2
18.513292883861965,54.190094737835814,0.7458916717528166,0.46444977281912236,80.65611478614497,1
65.87833667107174,69.22765645178525,0.6983913031306386,-0.5006639822816281,48.942496364314046,2
22.120944181960223,98.7668007996647,0.8881186793732265,-0.9211463772629882,70.55751725156884,2
92.52483174156659,18.057534512733355,0.13589046110525893,0.8309765951760837,3.394597858579884,2
69.742026724684,29.734900737255078,0.8487923907530608,0.9421164903307355,94.42664891134339,1
47.42142166574638,86.20426509893134,0.6890987970701408,-0.36179905351348873,82.89154741506773,0
3.700763471549262,59.6269878482053,-0.5399823254245939,-0.7588662284454424,7.695320162920916,2
69.62887758781397,33.98749637680661,0.4495335430575229,-0.8692873184021153,31.529033783061035,0
53.949129237533725,79.07231648389636,-0.36249499413586017,0.2517827528740182,88.5977748236187,1
61.58631881823046,23.295947475363377,-0.951198436886924,0.7401977478018598,2.126941085038714,2
87.47016726841994,52.8937134027212,0.8781353970257924,0.5975664715473308,99.79341105333374,1
35.071181545171015,76.71882889311269,-0.19613817278151569,-0.04024875939218231,62.75054632183701,2
87.36771141863387,98.40834691992951,0.5365468277290364,-0.16446643566533248,42.13570022770702,2
73.75823015888915,23.877714576830233,-0.7790517737372107,-0.2907556847184469,28.723899165408174,0
29.630812045599008,23.360775104990992,-0.9158136207272762,-0.9642521305331724,98.77223897360315,1
42.77731337358623,38.432664715968166,0.3592945653861397,-0.5634922242698717,94.99611839502253,1
78.6345014415552,8.94110023122595,-0.16483844843014328,0.7582366151243294,94.47320222914102,1
46.74015112498697,61.34113892107077,-0.6659321078158495,0.9823372522739531,23.16717013834434,2
94.27317741351257,64.96466489923685,0.21547358975771824,0.02537702203301717,23.06698117177587,2
17.652803200550828,22.048620907017536,-0.627123475711491,0.5591689471335066,35.01252591667301,1
5.784267656339637,96.91026301408114,0.7675717699268514,0.8555045663904259,99.49078226464353,0
17.38952492194873,39.62420189026587,0.5164769514081826,0.39204123610758446,15.389590633985506,2
81.58331249906178,22.444057183666068,-0.5523647703547538,0.07394884578682714,59.293993484170315,1
58.00862078378112,9.148683739775487,0.7549217252607607,-0.46879991482258787,12.951492128280417,0
88.87480798689772,95.56514982297534,0.7242552345309012,0.6190321494497562,65.52419806390218,2
55.08573706091393,8.698675991141014,-0.1830935738586026,-0.25462296597537204,25.97537837603262,1
72.3420113688585,49.58757350787708,-0.8379075681847041,-0.5596335961003773,68.32587636595959,1
7.613085949030019,85.12069140487687,-0.00970694597205135,-0.038826845346704,59.24077846595176,2
82.46809659251491,34.780920790219305,0.3560323051181271,0.13146392799158213,26.70282701694213,2
87.8629986355158,79.74260216069281,0.316903669316851,0.7011634581884838,86.72942009598023,1
70.83629767150347,83.7013328363672,0.3949429233385673,0.3602815435206008,61.86113782151843,2
75.27166395576413,15.86051052930737,0.7617415183978569,0.743687055490464,2.9247283034559146,2
82.58167505647627,12.886986747344519,-0.3297622914817162,0.48701651258321554,16.07598960483082,0
81.79670241190622,83.21341779577419,0.014935467521672408,-0.9872282565663328,28.703813317491278,2
61.69269183757422,98.11861780274235,0.26362705403333675,-0.4803928378716804,63.40057030996113,2
53.99853797158555,77.98453951511436,-0.7860387223460832,0.522055805004056,54.12665786761103,2
96.29920038589947,34.187216603868606,0.26524378626789624,0.8640562110200349,10.250972799067926,2
93.72284872364511,68.78857223008133,-0.8643258817896562,-0.3980728661063675,70.81720886452815,0
6.73506014687717,58.217046017627325,-0.30823388609408653,0.24183103553495422,4.5742033812512854,2
87.15368061523763,97.3488969177397,0.937755710571383,0.4993036634858494,13.008624013063198,2
75.82631959290225,2.458691645880151,-0.9557528969420055,-0.3527795617009175,48.864319040466576,1
77.04074178077931,68.32953766065052,-0.10819458724650333,-0.45274666743666825,99.71245001577111,1
42.6181302235973,45.13870243296755,-0.6727523576166616,0.5896190974998587,69.36822257814886,1
22.07696127887604,8.238104561584269,0.3609986041494262,0.30902242856227047,27.32595269982093,1
95.08635622504103,15.105789178090024,-0.13533039791479617,0.8872318403351978,41.97273169261223,1
63.85259476640856,39.75943979627943,-0.45156959530265994,0.9679552959196565,40.9334006315043,0
89.40992036791344,22.995460589108617,-0.5737905919498334,-0.9377318342309773,65.1666825375885,1
36.852634372376116,86.4358249839637,-0.05358018661688568,0.9363868558294435,18.552551570312115,2
86.86231679556109,77.65968527917417,0.541843689288104,0.6895664562337753,76.10239909429988,0
62.62203216314154,13.124487768238758,-0.9349476410174962,0.8416956956313737,61.665031452073805,1
79.65372909761763,48.152235151255006,-0.765383622075211,-0.7496284155948991,68.55652872289714,1
43.030589489946266,20.052472670033673,-0.016810906517126245,-0.8715821258497318,58.19714019143988,1
26.899340443509768,79.75591006371882,-0.37927608215285247,-0.08955970183639761,1.1620539908100636,2
7.244688779455888,39.24935564066848,-0.040122330565752984,0.20004109623860744,29.166257870930323,2
69.49818861265426,86.01223971892045,0.5597019777866996,-0.9207623493032857,48.0506947257829,2
10.493017841817487,24.204501586252746,0.9733251865342929,-0.7150089141969735,49.888815345135605,1
61.81557343181191,70.2464970544104,0.1192973669738282,-0.9804583051616327,32.64613082439919,2
51.771164338471145,8.786649914483336,-0.2987461375816385,-0.9335937824172669,7.857849715502074,0
39.69232762015961,13.271575404306034,0.1350816965231163,0.3789299382745315,80.05866991090829,1
20.01502442448101,16.748258225906977,-0.7908643193311995,0.2728604990872734,70.64757264869012,1
3.1586144825642037,93.62122462436898,-0.8960574326970552,0.08259267060214093,70.90605194509165,2
87.09691237460856,71.40869321324278,0.6034561661395836,-0.3210996149143879,81.48251137465122,1
8.011484638467515,89.48166560605276,0.09518475230747248,0.6345955399249874,45.23182845183001,2
64.35776951965249,52.640266093611324,0.46317904351066375,-0.8367400359388208,6.03520839905638,2
24.710323401014644,15.954468011318834,0.7435671331844034,-0.5615720252839114,97.58652558191314,1
33.68957917711069,18.211791568869927,0.5793970142849583,0.3174155510017522,49.8195716453139,1
55.53635509376312,71.92017782722638,-0.5430905173374025,0.9926678321134839,97.4793162146783,1
65.03256863469369,19.954245092914512,0.36045648486258264,-0.8556031820416483,3.0652502205806065,2
25.76828885112137,46.26229567393163,0.736545010816761,0.45433813953261604,74.2706521199981,1
42.54933344480754,34.59349925469629,-0.2579224740307946,0.9752991274721157,4.010919141248248,2
86.70314961224486,57.86754085723934,-0.12276916162081908,0.450515320830273,48.666894142470284,2
87.34232380816606,90.07018640112585,-0.15655814625308917,-0.44634440552989685,59.23503285933622,2
91.2363345616691,21.066218900566657,0.24593316712696556,0.2631204401850411,73.3113022415281,1
13.15676851272598,71.58249646820886,0.818065041331282,-0.6406337822595161,23.754332492387764,2
97.13950940416396,18.097695270948975,0.7087701867391583,-0.01544428710393042,24.723107440317705,1
87.07499012725114,44.53052550026655,0.029634707859380383,-0.2815332612004686,59.29508514349274,1
16.352387258502276,39.10815366517607,0.938824644670575,-0.4837331345977449,65.67366645412922,1
32.51900642246949,77.34731256866006,-0.7382526785633003,0.9396420901570894,45.37895413836392,2
23.605046334646396,7.349674733001265,-0.6604841898249185,0.039547897112035324,33.70031764312863,1
82.88833658826094,43.08875236618059,-0.5025714548247402,0.2342899732080601,70.67772168854458,1
16.704190790094987,16.761921628831765,-0.9266571461329141,0.47280403013128103,66.38045276218051,1
47.46308757498139,84.41704489691972,0.6113403059001064,0.1707087287935043,86.82712805132586,0
20.584121003676824,11.191961939772789,-0.46050077696602076,-0.8858262878213703,53.1169528001032,1
93.66056922949615,3.9343540668509647,-0.7557801719799464,-0.09560194343312944,93.38750175279048,1
31.61561049767505,50.723480868839246,-0.9168542818992158,-0.7033135980758223,98.66301229588468,1
96.51186964360456,0.49399809344096157,0.9036235708464779,0.2782398756310007,86.79182945200222,1
45.47398556338591,51.55960285792502,-0.022306839486159635,0.3337285150922087,13.96512547563129,2
2.9973589872677953,30.79299415911909,0.4093615254732934,-0.5962930957541033,67.34324333249174,1
96.99120461072704,9.39007157894184,0.34520423645025256,-0.1124995613908577,86.81422543775054,1
17.71497894473859,69.26259522261645,0.6762305792962204,0.8892284389480465,68.32480282896458,0
49.71747640084273,61.78472402012139,0.7378099689574364,0.14121949327765937,3.038705969683686,2
93.09486955069778,68.95267510315611,0.353026771554493,-0.5686496952045657,65.88854702326572,0
39.386440565415846,65.12329770414921,-0.7868139393840186,0.31569060920607206,99.94137257706666,1
4.821203886055603,97.71741842213173,-0.18618407855425878,0.7415069006745183,78.23854840582734,2
56.70162609866678,73.84492092513266,0.7570311226026958,-0.19171935669793405,32.70331615632387,2
66.75933855635847,80.78459419412586,0.5245702695532315,0.595627297717269,43.5583314812933,2
81.78342161750216,12.020905537060845,0.08897819592169909,-0.9884826790037569,32.45858299002703,1
36.646153487139784,39.61726916092554,0.39093441337972434,-0.22288379745930853,44.86936226225306,1
23.754413087432745,37.325179162934006,-0.545460745473697,-0.8536081524631127,60.34485933813779,1
66.82127985550163,61.94903460096145,-0.0730119123988553,-0.24042843964154037,86.33336495718252,1
51.908178513621806,47.9181877629731,-0.9487158683871286,-0.3175043447476873,38.019561878585705,2
39.88227808969005,58.017236922733225,0.06720509345375691,0.21581018558688925,76.48832615421283,1
81.29857387160935,71.81230762264944,0.9110473919098694,-0.9635348346472767,19.57779856835461,2
0.756287497814212,64.7474714154603,0.7960610978999738,-0.5130354068474015,92.70345447963066,1
6.026739028956085,93.44360268055144,-0.2967546255207312,-0.797158343101567,48.58717591863256,2
25.677656772050796,28.487290196192284,-0.38542007014742685,0.6060517956653269,53.91612766752545,1
31.130769915600364,61.03337833109184,0.4323013484463871,-0.45475199853293247,41.354910152535155,2
12.188609333694755,18.11493495346803,0.3622357079299656,-0.6371233046087461,52.516338366706016,1
70.90462617224327,10.687692309474384,0.1346244392578071,-0.4868744325972725,96.29268752375798,1
48.35456467199247,80.59925497751581,0.10045308431252353,-0.9131749342903617,63.31513755940223,2
95.14033422066571,60.16118201463312,0.6383777188535804,0.7684129266968156,22.807977194893247,2
21.204483990822666,61.09809888509917,-0.17794306038659058,0.6797226057334407,90.00231233980112,1
35.34213793027181,23.687055897448207,0.5610510304877236,-0.4503879289037278,82.26143185136785,1
42.37382536487628,66.75498992914704,-0.8089293723306636,0.24771864935314603,45.17676787372291,2
58.66084631754741,16.801420774486342,0.47374748988836424,0.7255941550864571,21.673980009077564,0
9.571455552016172,2.3638586046336396,0.283943000886532,0.21418807217756153,54.669741271407005,1
23.194709611597542,39.09059959055147,0.1889526703723461,-0.00646628228166124,98.77855202148874,1
13.643975255673313,69.51445540475937,-0.19136246379141575,-0.14360077014877048,71.75977656581762,0
69.24361513243696,99.12559937021884,-0.7432114210917495,-0.7917807012316673,72.43388171287411,2
57.83869170064091,27.416066655980586,-0.8411612620220268,-0.8286835008071389,89.41908746641182,1
19.18673247187429,32.33715621155208,-0.546687195546024,-0.2900073883361254,6.942384274609337,2
51.90597909082704,6.76125635922149,0.6007130156447231,-0.532575836179134,54.00119146045106,1
88.00790875614582,65.08773690471942,0.0659155731026706,-0.3513324937692488,33.300191305819794,2
66.94869551981901,99.41393612211675,0.32367837969875723,0.1155668347400498,73.06505102392461,2
46.52056122837182,6.0142342600785215,0.12459363175581961,0.9152505690107604,17.530294235765965,1
69.00048908206658,20.093368865905646,0.07165536894616253,-0.8066471007065608,45.037093625818514,1
75.61633288952461,34.757152423898205,0.32982344897443605,0.5908999215794584,92.71778194794527,1
23.464208185545353,39.931591580930814,-0.6951679733391651,0.9849670043167504,92.70009679242953,1
53.99571302805596,84.20332943764213,0.041915954544084366,0.24717137600551942,8.912443211601662,2
75.52704204968079,12.771348363523483,0.6521352605050568,0.5640561753407718,70.87446977429764,1
3.6160380524762115,30.31283559453286,-0.47377486017831427,-0.2797271850569618,8.764274676383854,2
93.69578230310628,55.38022407123763,-0.3889513786839529,-0.20603696585143316,44.72025405048357,2
60.05943333606173,51.567942769649775,0.8387839464288347,-0.006073034188339488,99.21580148233127,1
85.14249577450957,20.85105143573358,0.8611904292878325,-0.7672672042290478,81.74497084911916,1
38.06232934765801,87.79743204450695,0.7361133802149007,0.6118508002352423,79.00304363070614,2
30.46791390980408,8.091928305125219,-0.1940396424696771,-0.6529509700269827,69.49510889024617,1
34.609972653778556,97.56102008599149,0.28194415469066403,0.6449611272687219,13.252467274184843,2
86.20144822726226,92.27571905133944,-0.025876162362128197,0.21250587550195488,76.48098009029954,2
17.483862726041256,50.25660764634424,-0.2026739444553738,-0.7072520156755018,36.753442229153144,2
6.817230938549357,2.5811906949486985,-0.7296674216903545,0.9262302231783477,54.952953589501696,1
96.582216115322,43.2497878330132,-0.37636773382948085,0.012283725680488189,43.95116886329101,0
10.566468426174392,64.08263146902063,-0.5679236349808008,0.23917590979565917,65.02010923981534,0
15.20248531286481,6.134962711066816,0.5615231721368796,-0.08039915246135965,5.816379550547579,0
99.48663171697672,5.778056099636664,0.39007045771710636,0.9673578505268272,23.918010421592562,1
14.224936868719617,12.138493942242889,-0.3934497048648089,-0.7979083779787066,69.2161341694132,1
6.229179813006269,50.94221281497897,0.9933937077059536,0.6279405390120376,61.52194382310109,1
30.625362078661166,62.389583629163845,0.05408292782330326,-0.14783323221925704,13.071037674019948,2
88.66042152404667,44.97846488213225,-0.6107549763584699,-0.26448129824542077,41.4129752528927,0
82.75378955668742,73.3614380561402,0.5386097872826796,-0.9779374711427056,41.615399817976154,2
48.13441516353236,1.9192276823056686,-0.48037358250993156,0.52057964624427,13.710970572899905,1
53.531013145259166,21.52018720172375,-0.9757584507122135,-0.517597084800917,97.58737549100537,1
80.15371118829896,95.95766443210334,-0.024291912147275108,-0.780527602644993,54.79594889736929,2
45.43773345599609,84.4357082739616,-0.8038348384315108,-0.023517725956443636,15.004866469398426,2
32.467592689006,73.73570773877996,-0.04796374126246694,-0.24822342970846134,39.44762785700353,2
45.94467684059866,78.50165438370568,0.7841693778804688,0.9106693730078566,78.6903386255295,0
31.540689574801274,68.81347060865421,-0.12479375188921615,-0.49065875590789765,84.08715794259226,1
3.8426348962324997,90.17619921354235,-0.07704507075053169,0.27440295361656086,65.93539222057827,2
89.51177407065364,63.66696821672073,0.22786716952012354,-0.8666959188786201,51.84080219452041,2
15.016900081704165,73.74337687214856,0.02444384162534896,0.3604555584167066,4.167290060238427,2
8.479201604580322,71.63233880626822,-0.8558313280026533,-0.8574865444694828,1.210847523488745,2
95.65013982994802,73.75083594590069,-0.2934971829958717,-0.40692883742468955,34.97032297458495,2
77.46535311811819,66.13706110704143,-0.6296088642650641,-0.6517813293318313,9.839564971339732,2
66.03027197013381,76.43726622217359,-0.46990714334999195,-0.9581100779381744,8.217166747642734,2
96.78600348450304,29.544477747742025,0.5384462956762672,0.24932713770852755,38.19396396528959,1
20.56872621955551,12.138641815940643,0.23002593607773325,0.549267561275576,64.39042535411306,1
53.030213324915835,4.195122343163627,0.9369775551887676,0.5974283833091492,29.282203670096475,1
97.99703293588506,60.18815896363221,0.16484531641449296,0.4961463588590642,81.17697880901376,1
65.64786073315027,12.809574636620003,-0.3234649880110032,0.8561672806520995,22.461561184385193,1
37.21670238375133,43.2076882944196,-0.12119002061109563,0.22587916498905103,94.30758377447076,1
24.069271183250496,12.150137630091805,-0.6050590202801254,0.773849800418539,64.5810812655206,1
28.590678923916013,81.59469389686173,0.7227399927268721,0.6930286773805561,91.89265336395545,1
25.224102017336158,75.50419287462783,-0.07892100545171998,0.6839971057801231,72.84906771616131,0
77.64474464997247,65.61618376810715,-0.6451424610605863,0.09005383779387666,98.46697395245081,1
93.73880664971189,4.317373579701167,-0.6703703685411257,-0.7365424530908762,72.59799099852955,1
81.77853298569451,21.35113663106719,0.011705385903657994,0.6814060560224,73.28015447662506,1
54.223720549184826,59.03476904587729,0.01672109383255993,-0.40490309736235885,56.50219928590161,0
68.88853020500906,87.33229158608077,0.27258270795849615,0.522243074086316,16.0071634954573,2
46.15574744197899,0.9331619827093296,-0.506642270956754,0.45292343022600967,99.18099513493634,1
9.917809958721591,40.14943158612883,0.600141937398319,-0.5919287307422023,55.50849493022862,1
73.30712960296748,61.5985450260179,-0.6239505307691677,-0.28923086262852116,78.37917844853972,1
55.42265141320166,0.5229613542912737,0.5219815200561877,-0.9293772901195219,74.57337827312321,1
20.24805601652374,95.80734801193802,-0.26411849739583104,-0.3461367673238418,14.888805033244468,2
30.560421549021488,87.66507618282006,0.9926686752544946,-0.2633809389863033,44.861063095454256,2
72.2070938202737,88.61957804650746,0.1860886683735683,-0.21694860364434132,41.262184084862376,2
69.56181464968068,0.32182636042786816,0.23917867491968137,-0.2890139791172852,79.41973312770843,1
9.299063982313216,58.82022669483905,-0.03805422022775251,0.2846510518104548,6.485359448296835,2
57.99837874281313,56.14845879595237,0.12132018883234186,0.20697533319290962,67.64679372263622,1
80.49889996807697,26.982072012821433,0.6500988203601241,-0.0034886354730927494,7.705827913433117,2
5.85509292439792,33.42383186960608,0.5697939542229351,0.4153618694818315,78.86149646724064,1
51.72690564416094,44.01989979554906,-0.7050949465874321,-0.3436144927813769,43.40193661738753,0
8.860042967961723,22.061195271121125,0.19645058812747762,0.4713262284783797,99.83475113929497,1
93.31133313435576,64.25651995351916,-0.157503893411856,0.27235472941646544,78.56516180802319,1
11.833619092338733,40.99048896962883,0.6796045712712344,-0.23233409613391198,57.18722712271865,1
58.77693608621982,18.447625313363936,-0.27552911669542324,-0.3309774225161357,2.6196708532064794,2
2.4191763891355245,83.16970436757735,-0.4538583800543752,0.03615753247763087,29.872557358877305,2
94.06792451153404,25.929675886577375,-0.14068637452212984,0.7454605009692037,84.19335667918087,1
18.610141784627732,80.26433097957104,-0.0836262265242147,-0.03406225582928957,13.347997241594378,2
8.060151375712465,72.79393069737652,-0.0070776952894004985,-0.1262985947696409,72.95082286523967,0
76.55128989911097,15.890816766935355,0.22045029895528256,-0.7292918354446289,75.13750860290457,1
65.69551562671396,95.6614621083458,-0.8620839672871576,-0.8858905576974914,28.218707469320016,2
26.170568373590598,24.697879907199983,0.8125091610420734,-0.5009076003009878,27.1949726128631,0
75.93982624179637,44.973984245054,0.5534211139103624,-0.8692676848712295,48.75711936733843,0
3.3613600183282633,6.265320345535452,0.8128749066888219,-0.7215092577648097,53.24206822752171,1
41.10956026007065,34.73433262588427,0.7996666913745449,-0.956353206449021,66.37896861755891,1
96.33944342135504,56.016818346184195,0.8736449240661837,-0.8954842414279525,41.87933190741614,2
26.015779096205115,73.08209649807299,0.9625941809944933,-0.4869398751115044,65.41746014740745,2
19.809763275974014,56.53302545716099,-0.0721350266233276,0.9440106592630741,60.85272726964666,0
34.950637208681876,11.409578488793336,-0.6975063425301309,-0.5493661400975298,25.0966661340298,1
85.06160578411378,56.12227882825249,0.04678182274873288,-0.7704622562615651,86.0139693349435,1
72.28143032084837,6.766836190000158,0.41567019445953735,0.08707643468529214,8.172534574677826,0
45.830064152865646,48.469628713004695,-0.6684509196734485,0.8913962940005646,84.99753714806619,1
66.90223373291083,46.22955610006072,-0.17646891683098298,0.30194693430190833,54.543186940690546,1
6.227310588188562,51.25026487703317,0.612807234465679,-0.08152024480608389,5.195657755426842,2
78.6278199384033,20.13637821359744,-0.48275833022392245,-0.6705872931354082,33.02150648714976,1
75.6751505688635,51.93858595039374,-0.5902374516985749,0.7556601563040817,87.95818549515292,1
87.05784250460069,23.87962113815393,-0.0975213116380238,0.9699793122817502,77.20124763099903,1
2.716742122555982,6.5204591260492055,-0.07213724637533447,0.8184404117231203,53.870179795271426,1
49.781250803429025,10.547369995663058,0.3135602094485881,0.644206321200451,38.04200075075623,1
77.56118509253275,96.44766539008116,-0.5924670817446218,0.04665926238948259,28.713795808457554,2
79.28544190338394,57.75933658811575,0.2691648351006075,0.5958283192317881,39.59704726624549,2
91.50900684070432,53.302886724614,-0.684090354329304,0.3917982363376049,79.32613504382545,1
31.67616770675267,85.7179256998753,0.8122865095315328,-0.44619102524438214,98.3521472715222,1
14.071152804875842,20.201566840248997,-0.6315503215239477,0.7879794200157408,65.42925523249619,1
15.210428322227287,44.032341836834895,0.23059605013960405,-0.8330718300212334,88.24163684073388,1
80.36035354415351,50.52067735766382,0.9342532305183409,-0.1644780414498006,98.41103190364979,1
66.79199988036271,63.467127325394145,-0.66809020940843,0.763855516609288,42.74896879206152,2
16.223340578247935,1.260751997575904,0.11951136727676515,0.05479924424535265,71.93536223691585,1
89.02580530178021,7.9406584643029525,0.4629929806807247,-0.6251761118048356,85.8177053157164,1
81.90635138616561,54.07937549855444,0.42048559724662304,-0.3712997736325032,47.116789893281464,2
82.16368977104716,45.92651971732139,-0.2844034693491164,-0.011575105499400218,82.82492524372184,1
33.520804737087275,17.37615931357438,0.4240280406615615,0.6519564254161636,10.063747852353334,2
23.98741127559447,14.19719897609939,-0.30411717683566675,-0.0992980421891747,74.88263369633064,1
65.11475848816741,62.092856747843115,-0.2952501067806912,0.6828951061695199,47.128716739816454,2
97.91049380151546,63.41421382957368,-0.7474705168709945,0.352355124150868,32.5104015431699,2
68.63271966860974,6.964114816240574,-0.6502371256480812,0.7114745178115727,22.71795570235149,1
83.704112524294,27.927608845441043,0.2857638201174153,0.388301147019662,51.265475314505295,1
30.531067669673128,21.264437637109612,-0.9336212908751476,-0.3921071975185524,65.3162790531283,1
93.83048184484826,87.1204482263052,0.5321295530706052,0.5768946865065974,66.49849034759953,2
26.0286857566003,90.71950307058299,0.3414646238116681,0.1208812619608799,11.098946921348107,2
44.70555438064254,46.03582712019263,0.72912721904534,0.09329644037557694,38.04005489704097,2
97.68003285106593,11.072059332631568,-0.15490314337611077,-0.9159506496571894,73.99041207669303,1
91.80765521991506,28.003732955048942,0.7166833535982418,-0.41556353907620447,91.07701616439152,1
75.3961903596784,80.49067768414386,-0.963986888799091,0.9256207141480519,72.66709920703232,2
30.47510953861333,82.9394664858847,-0.4369576031701401,0.7455076791322559,11.258039041193701,2
70.36859774607957,54.069847664491036,-0.8069310596091184,-0.516212343482322,1.240403627731479,2
46.876796546450585,30.126526076000037,0.19671496859551763,-0.40552438458276563,29.99191115069847,0
74.31931987316034,4.814283597835345,0.8057899903839745,0.7045277487823629,66.78046832264066,1
59.32215701073843,89.23024981396523,-0.6293396409425711,-0.8420616756183428,23.95101699095381,2
79.45782787001903,3.4670266726483323,0.16561367016697925,0.9908750323826199,85.56960938375394,1
52.14456890435895,6.364090928664234,0.6627470287714197,0.1979570163544211,11.493299705956684,1
9.38572848233562,90.96268194365923,0.3384005258761569,0.6585735986335111,87.89789002822673,0
57.17723520483222,51.74463517550413,-0.13914517935801962,-0.36610682441776143,43.459596085871176,2
77.38796557301563,60.19234310151316,0.7850465799096922,-0.11323997124162455,60.7089578718754,0
63.130755309198875,59.16971623063255,0.40526754617103267,-0.5251330632503874,51.23637775457907,2
10.422480280834767,38.45113276448126,-0.02466586275747118,0.30444851909094495,95.05310525862035,1
60.06510665483559,74.35939161765597,0.012532118990405516,0.2682080627526626,7.093221613377343,2
25.439158084184697,36.185309320513866,-0.05501328998697286,-0.9087025089952325,14.002409755331769,2
27.68143077913058,97.15326909010507,-0.3373059857938985,-0.035917883775834936,19.609771273839293,2
61.07800710757682,28.068321551597432,-0.5860148431231464,0.03314525689195813,0.5505799160420821,2
0.7664032649225327,21.906880910185777,-0.9265572749983577,-0.7839484917386172,33.88606493387516,1
80.25856795798128,57.204864336930086,0.025335451912832818,-0.4130223535837567,93.17537194328163,1
39.70150412371917,8.70927667957715,0.23413303223560256,-0.7723232130467972,34.52231428016921,1
50.74119387178089,87.42225246851758,-0.012906839319762664,0.4045175320633285,99.28168389990704,1
13.148911989798162,27.47315255195195,-0.2108478488047072,-0.15634364292233727,41.102107526554576,1
90.76110025565549,71.40326444668564,0.2158104281814075,-0.3812545642744358,82.37903842212947,1
95.5060511484989,82.11982825502265,-0.9968697896170542,0.27280274036681407,5.1135381442100725,2
25.760722033372186,5.952470034777169,0.2075909058987755,0.37317982698521357,11.448763806590511,1
38.38388830449795,45.6236508955542,-0.2618939564781668,-0.7579499990296139,41.89477901874754,0
75.11780478084181,7.100766453325546,-0.8396399718361931,-0.29045741632803157,94.1725711618925,1
66.85726467229141,67.86699566725648,-0.27616001832427006,0.18732158241707686,1.0131184027743378,2
63.60960464095422,91.32869475762368,0.22514693668963837,0.7473971869326901,72.39730554660937,2
12.055841640369025,90.24533072858418,-0.8671123112884502,0.06793494509552755,14.213712379345766,2
1.1706610730904066,42.2034260127639,-0.4099185846916875,-0.027999012404793966,57.71998867345508,1
4.373907230894735,12.300329512374564,0.1172847929008507,-0.31366529365468354,72.9173487549448,1
65.22916485919397,84.56043629899068,0.3849856533384506,-0.14013784521970374,67.29666223944324,2
27.538117425541852,30.63134987782127,0.5779703198415866,-0.10716096719683565,79.83803405183525,1
82.24223736682784,85.75623376612837,0.8332704716824146,-0.13802955897340752,31.886681832113883,2
58.21987465941139,37.117242343762754,0.2021483336004659,0.4111717252876492,68.84050184921368,1
37.45528870201213,16.68602016987528,-0.13894132307558493,-0.7148117118361825,89.00970351838083,1
34.58774607378574,15.445974722332378,-0.9491044801884982,0.2916447725729685,63.69023174547432,1
34.060416658129164,7.171188884765101,-0.18074221020953596,-0.37756500987321284,67.71206397350093,1
60.57792494526903,36.459372819754,-0.5642148914900198,0.9760719323111837,45.40016211961149,1
68.82742357802371,14.055296757836079,-0.0288206006812044,-0.944926560261069,50.545511791044994,1
96.40174071177023,38.420671298580025,-0.9220079748501768,-0.9380884181613129,38.798675994686946,0
16.002493646319405,2.335209632818591,0.5124272279003537,-0.08295398223621864,28.924477197265453,1
90.00831830164807,11.613896020052561,0.9118376579106384,-0.37206656524529436,88.84036723086813,1
60.294287647946156,82.67073597414874,0.9680263264209286,-0.42318912436250855,96.1135485407593,1
38.94818949024204,38.55119047369223,-0.3192257914909886,0.08281521469517039,15.41450431784871,2
55.37114853580112,54.1704812410004,0.52380362520974,0.6672999238751711,44.044135031242405,2
30.233324935149376,25.933489731709447,-0.6107523265902561,-0.8847048356019502,34.244797883471335,1
27.024769213078326,96.64173858664074,0.11541765250008784,-0.3054459219389849,58.0467600993696,2
13.91967013456955,44.40437492022029,0.25246864284212767,-0.022204336415097226,40.177880065432426,0
99.38483888996981,88.0314762148927,0.24681191631888022,0.13875472236456554,62.06604798245841,2
20.131210782243325,39.51377432643186,-0.9210809342182014,-0.048907925026346666,54.302458395766315,1
22.77497361032096,96.40288471655137,0.818909221874484,0.4442864709118117,53.33866287653626,2
86.99691596476849,13.065234382346292,0.58101958854977,-0.7503583720663034,79.42106625494054,1
27.576756825135696,87.7090581018189,0.8880841876507957,-0.7024080611897687,46.267560506539354,2
98.09873781626851,48.34074359731466,0.7270950450290903,0.1774630442626397,37.53299079196019,2
28.57835555258702,20.322309108608728,0.5235963827553944,-0.22691898635394425,51.12754622007512,1
49.23254800011819,57.727902923313124,0.7311542912491045,0.9614786871668588,40.758420857381694,2
82.7518922106303,76.45277946547176,0.1470579029111465,0.9120942872238662,20.04745155284028,2
10.92642103096214,85.39619669554222,-0.1217003667325034,0.693937708414121,89.30902051954149,0
6.245759361907144,88.34647629860606,-0.10336188926115564,0.02086497800846443,62.659251109321026,2
92.63826067300867,1.911609442976403,-0.0463130633643658,0.37544408486112135,72.27069576982285,1
69.2532431537108,13.443512940812186,-0.40120882325663754,-0.2825689491659731,80.4437207679505,1
27.875987241455302,21.070496386720315,0.9148960380761924,-0.9822734297730622,99.78208556819781,1
67.68212988573956,82.84692994491171,-0.4107612073076137,-0.97136944466588,73.78695185615301,2
83.41445970006758,74.04761319535191,-0.7142994253983228,0.5068558445139382,76.8922782107641,0
65.85405156700548,76.61159327955862,0.6918428793554643,0.22720822847491684,8.860471396967906,2
48.76278096672109,7.764933467160507,-0.18491393793513833,-0.18578702174874473,6.600984414024158,0
34.88205339694793,11.099809879131485,0.6164704200184443,0.8953760519289415,7.231647525793861,0
95.51152072917014,52.25765993367452,-0.4008686440922522,-0.846275849447673,50.06242680704178,0
79.45155444907486,70.70864772666981,-0.8995479770720525,-0.854196329264193,40.28732826326371,2
29.52904940479433,23.238432305604782,-0.4379910021825728,0.6069654865937693,92.92280536318539,1
40.510269452756646,90.61110021324971,-0.3570085975042361,-0.047126027312416774,22.602899781599973,2
64.0476042175844,97.89811151748088,0.20698619208675728,-0.28437183177290226,64.78174459905284,2
12.292067846538757,88.86590802653987,0.006167901559672728,-0.10130051592071587,58.58647884535192,2
62.47838627894025,7.177580622651303,0.3652344424468048,-0.5161366393689408,71.39526325065899,1
82.25347943841967,80.39585075525203,0.10500193481577824,0.04033978462150234,14.287596133941172,2
77.53461504031355,27.140938044671437,-0.006609154364106917,-0.4314518141449666,13.382836299969314,2
62.95576968917366,5.4332034822903825,0.4972904682524,-0.3648264094777667,0.013469300448532007,2
51.11291392372298,4.6851908527603126,-0.44766088435820106,0.41395297491143235,6.268962162186586,0
83.93384923560023,0.3819922658583108,-0.5063522615961955,0.4818081123041429,31.627014972930677,1
10.189238806601352,36.02339188004279,-0.45921342723094893,0.6854238043211098,31.334791758514314,0
78.89324717760073,89.18721448107347,-0.13236516084694094,0.819886287708784,37.73180539631929,2
96.40784164901082,8.928952452557294,0.3740385330064855,-0.012371919086142658,38.76488054556471,1
63.27118787486009,70.38570916343312,-0.9912734606993818,-0.6660938225056026,71.30460506343186,0
66.63854135782064,96.60475051286772,0.522075580501566,0.9015454154626761,70.25405015348069,2
29.805220863944314,10.536492225085647,0.5636477266898712,0.2882984429518318,4.818601239329623,2
36.005046590097834,95.67998154842861,0.0008022914204024456,-0.13454172796059072,45.7699605159294,2
20.88827240051637,36.87071708647952,-0.26037348802564675,-0.8952899596250552,76.75676285179182,1
41.6504431903879,82.21798868164232,0.7006960022397908,-0.5760118906026839,65.73534821701286,2
47.22818041629817,88.0156737921485,-0.5685186416470918,0.35562640062008843,60.775212225272256,2
29.53014775718328,13.660090365117261,0.30327952095455313,0.4771949162646614,31.562734376335,1
64.48326040223138,39.51309076115032,0.42641376656523544,-0.6015694502118938,89.02150026361744,1
28.74095964655797,36.77859877561529,-0.8838160958393004,-0.7769755753574472,51.58619027123281,1
26.75926767279715,83.54802257421944,-0.9706132226900923,-0.24181190265612762,33.73455467690927,2
1.9327630917601035,12.436839900051023,-0.17271465016272947,-0.01427083110510674,40.42897472548691,1
53.093767841209385,59.51316749056815,-0.9801523577443287,-0.07180968109299224,96.34992408875883,1
51.90322801295487,67.75422674589532,-0.3762722841662336,0.5479827563055251,77.2921481876115,1
52.129604765413895,97.60138232792136,-0.7488995704746932,-0.966104670220838,77.0158211757096,2
80.71555373648826,12.020722912057625,-0.46883433408278785,-0.9648952732667422,29.33086107805647,1
77.31418739186715,51.79605277125789,-0.3038088136634238,-0.2565214101873394,0.1353625715468154,2
29.98005275652359,64.64587416379305,0.9483888876327142,0.694121653967799,2.3594964645529126,2
89.85606046748393,78.3198413298626,0.5607522471419608,-0.08400848199285704,39.80052929545028,2
30.29157288331926,6.569485895436578,-0.5435292730126018,-0.5067927300439508,48.40770697102016,1
74.7444406596694,47.38098283979466,-0.8843111011056788,0.9155796019764078,94.27243190941122,1
78.51895431484084,99.13279015642206,0.08896466560052585,0.9255367005064121,7.560504061675077,2
36.568074826137135,22.538126800676583,-0.6083338317314599,-0.7183941022146478,62.241364156599666,1
78.1321855747305,57.82983994203607,-0.7060745808235807,0.6222475398669418,63.59547071637285,1
38.81657061269955,67.4130295536063,-0.4801900415143343,-0.309615583011579,91.74858431319902,1
29.05045056714204,46.99882681579366,0.7802822747920293,0.41544270053505494,6.220322616470275,2
14.730304427897034,0.7841590771916818,0.2618435804583268,-0.10465314917916335,13.427485090227552,1
95.79341210567705,52.96597239456199,-0.5162134117742216,0.001207142309415099,67.96203327351078,1
7.623921797356448,27.4703815047892,0.6139309817679872,-0.08067025919467752,54.65771420322949,1
43.28160022094693,4.389994264300512,-0.6685004403596881,-0.1089167225162182,20.918546540792782,1
4.997902865967873,84.36496640518237,0.9623850583282316,0.5862857479934789,85.3784921704667,0
24.197713031704538,96.06269755131997,-0.6061485910931432,0.9028596207236645,99.4819293965951,0
71.17228057460487,98.1143731791822,0.13907955913420733,-0.48091643364781933,43.699588566562085,2
59.35609353787859,7.308156202701499,0.2446865292344922,0.9623556735245891,19.010764978372762,1
79.25951162883833,90.78987937796194,0.8874031856404416,0.9202712088108944,52.14596387214719,2
97.73079079915037,75.73102071344388,-0.6766571275260762,-0.04619978706406003,71.8331175372004,0
24.734031581908333,64.06151835488873,0.33320095809323846,-0.6746005123828682,56.50853124527563,2
77.16269109786077,49.88956645359419,-0.9757937664477851,-0.9819230618414156,35.702934397001215,2
92.6194068431782,22.867677960360876,0.2687273777433743,-0.5558482586133588,32.16699896595486,1
84.8042089601484,72.88614422699469,-0.8092014453735787,-0.14259595802713276,2.916976364526447,2
48.0890146603009,66.24340117010681,-0.7629947528036969,-0.42223012218166867,39.783662550215695,2
91.95310246560497,99.32550154229641,-0.9101774020087683,0.5220158469907841,37.17240664023432,2
39.245818622948,75.42649733470228,0.8368528642908173,0.9018571890050968,57.712258603832076,2
35.71211593005028,78.75490858587793,-0.4979972334753995,0.12814805766703552,35.85784615248732,2
65.66310737078761,24.03989128935069,-0.6168141085303485,0.8364781733508742,10.18036829495369,2
50.595790773493164,22.085278296300892,-0.9221400733486651,-0.9279623634171472,17.522177210582733,0
86.67703545060003,28.247874397702667,0.9009183411505914,0.1632445859783871,43.66141897687661,1
58.00888346694546,51.669838522626776,0.5175525075146503,-0.4350078680542955,35.30503916003024,2
89.40943025332507,94.64565131504055,0.785116454972949,-0.16110401208537284,78.03655030068816,2
47.63357333010988,49.75398521461022,-0.5906397818854321,0.1822606065170329,18.613589775334795,2
33.15646990671938,85.50302016199352,-0.5858483815782896,-0.8576834296531344,6.90075926128163,2
94.07845205031079,50.69204379618346,-0.18117585636596334,0.6217571620158369,83.5825927910516,1
33.21910331156046,69.36180574737952,0.5422456317037732,0.309301373731909,15.159507480009937,2
87.5883083517057,53.90945527360087,-0.4350551472599926,-0.14954362912461217,3.757109039890738,2
12.786680122241755,76.55467505158609,-0.9999767304892677,-0.16686834303541564,52.251018108558846,2
5.4634420000972295,97.30781629723329,-0.5477493375006561,-0.39160256072743826,30.39425122550273,2
23.04166621173499,0.1473822086311416,0.4586895881759927,0.9336909995985707,22.429348328504506,1
66.30471918034225,74.18963269587151,0.6968507581810495,-0.15474160597278175,30.293090564042924,2
32.52951340230311,71.26213330985128,0.6335589330112721,-0.6367720644867947,37.09410081577652,2
90.19401967491501,80.66935196947392,0.9697168055249517,0.5084965193641615,39.319520102792225,2
59.06378339946377,66.10142542473203,-0.8430883673657521,0.08899391820773017,70.93208284726096,0
16.732130400106037,78.06317174255571,0.16754556102822327,0.9044435713951893,4.24222982068917,2
26.5326137555467,60.15538792998241,-0.4068801755881386,0.4288483281424844,75.9005282521931,1
10.251596406647446,51.38544642067677,0.017781111182111786,-0.26143845956891787,93.29248625696721,1
82.75063198732212,69.72093819096368,0.4286532714699951,-0.07656771237376181,92.09945210965759,1
69.45954272532853,72.89810616558164,0.7233818075746905,-0.451856821315618,80.7070903866703,1
19.524060295649203,34.53419522448878,-0.3287790914603146,0.9570509367782811,85.65372237479268,1
70.11698615902597,72.70567616153902,0.12414558880514215,0.8941813342170382,49.62587528823615,2
38.05177098698945,16.3035336931591,0.572411304522116,0.4688878641511829,38.43550385241349,1
2.519341395922936,83.89973277180107,-0.9771640330918527,0.4073995592581019,97.02571097260571,1
43.766132814820345,23.497340499595275,0.4097420200867634,0.6342562840311703,54.64303160778473,1
96.70352752561462,5.166872165796111,0.009591196609056274,0.43690789464510016,86.2640471149179,1
17.925561190779003,80.00034817636814,0.10541415143709054,-0.20689263602007357,13.171502857909356,2
86.52957589089124,15.727320817971535,-0.3804242815818015,-0.41990893607512625,87.14140341908544,1
67.2702994208898,79.66813971913723,-0.49906420241500205,0.24974819921399782,57.17459831437487,2
83.28303767882711,90.60870604812605,-0.9756864570452264,0.3480398381175853,5.1835799119729025,2
54.88586650773559,28.76327290436782,-0.3864468009557176,-0.29408299309528685,62.12924490496101,1
33.40499656687692,73.26990505902803,-0.19094522885226062,-0.8632935993800828,78.37598424841073,1
28.5758324592706,43.276687959926264,0.37088776644380306,-0.33508768570257597,5.658565614671563,2
37.39210470128136,94.44485826943034,0.2834687945971164,0.34295829733441385,63.22821536376399,2
19.899213895943678,41.833386410228016,0.5018795967266365,-0.7972542048936817,27.785277608971228,2
27.631910846585363,43.2018927594506,0.9607374818843701,-0.8649949066323561,51.870099438059505,1
17.936468201221047,97.06765454097442,-0.7733929905450716,-0.1927979952768175,73.78849848346061,2
70.45544280274453,42.272863689393226,-0.30695166409456354,-0.20477524289425886,26.42762631586393,2
20.53329387067998,48.303969755889,-0.46293248786478536,-0.4250766702054998,65.67560634745571,1
96.85373316998923,60.363720055937506,-0.8460410658700674,-0.848832772291866,95.1423220845566,1
29.729079030733363,9.206698608247542,0.19808917430076312,0.2472975565805322,64.85048201186882,1
26.74020278575413,1.5110684214475034,0.9300307389089437,-0.498213908617795,67.60262880525475,1
70.66298698787095,61.00074170794857,-0.37418521157270357,-0.45780749247186847,59.76682827027031,0
86.60956336116915,94.67337289233956,-0.7881883911924847,-0.6903427748045603,94.47362587830797,0
73.65352283347926,88.29938248297731,-0.5947347317293137,0.17517174221880372,70.11395944174737,2
68.01118854469726,40.81516908666981,-0.969210216617383,0.16585211360852625,25.310153917960875,2
45.02542461428904,95.75810150838173,-0.20192936471513057,0.6796032133288534,18.854060574925114,2
67.24604980250288,97.70069544389435,-0.7962137982541264,-0.983360115545616,43.35827926326144,2
9.26254830513672,74.83843496762313,0.8290973276971179,-0.13195805458248233,25.871164215544095,2
43.44033190066098,72.3447817850001,-0.981891676839258,0.17890797896939437,61.329168488737906,2
63.76882468959355,24.202207998087722,0.4281054467562535,-0.8172170273364472,19.92703364668008,0
87.74700466544819,73.87231507265663,-0.9725088919773095,-0.5032474792603996,21.440648299316457,2
27.080632803697256,24.755977027988642,-0.8749474085143085,-0.08211896680635933,73.27334747861651,1
60.67317247174364,67.28716685980798,-0.8377016429275217,0.9029814203535744,83.84918338430248,1
80.50903184956627,82.29838050417675,0.8654210162655227,0.08850793222739539,20.02820178676259,2
61.678360785254114,74.2881493667939,0.4758347867080508,0.04289804833376021,6.845871933357806,2
37.11129384301278,92.07666084633573,0.16889781951485205,0.07666388651142686,26.885351438219352,2
36.84489199165789,89.53460891531692,0.33292609505367143,0.5747740535046657,45.434542306765515,2
63.024721945615795,24.838360874320752,0.41092166056697255,-0.1447973325933254,44.25455148147456,1
64.93223245768817,93.62806214689266,-0.8719873067827582,0.6494864746940152,29.238311041219312,2
44.391945450637785,2.1913328775008956,-0.39790784433137394,0.005262485260260963,5.617607734743901,0
49.10957293831652,92.71106288584274,-0.7892135637843896,0.5288814561510087,40.967105337599264,2
65.5173714524338,26.023659798522935,-0.6810154749172834,-0.6790747714575471,7.049194564314465,2
18.564670490124303,66.42193849889682,0.7633812236870161,0.6282513711823237,68.51343098744842,0
11.043186341110268,28.918744629594983,-0.38038624935506204,-0.5000861072047575,51.50056597097231,1
53.55538148796726,35.68859751711102,-0.29242168252712797,0.6571111958121627,78.92928483196856,1
30.779583168074566,91.37884438732593,0.9056300340050121,-0.34651491593991834,35.442494879305485,2
50.56341534219588,94.11208125336735,0.7526388662846231,-0.7948640748328204,39.27307432714162,2
55.33711897497719,50.313247255154,-0.6122738641262147,0.7176335423363094,67.69407829968374,1
83.79083748518036,85.87642793494722,0.4967117073314795,-0.12157879750056533,61.054675501542455,2
16.036540611974313,67.36454174749078,-0.6414934885214385,0.3878991810203136,22.959816075396866,2
11.755130015021997,16.52844901429574,-0.9960157295618595,0.4374792357070605,73.24010490583791,1
51.493334991325945,16.13628010553837,-0.8328913249786205,-0.961742067125426,16.57481769652207,0
89.08555349831467,24.153684170168177,-0.2914573455655687,-0.7893090310373336,22.236130474817028,0
51.922457078020514,60.775268309565256,-0.5092953716675779,-0.8845356815497656,39.10328691273987,2
23.420337092633414,21.955392322980195,0.9197256054269105,0.23260097185144812,55.68784431720959,1
41.57751035233219,42.89443334301443,0.08181000767616164,0.3928596140722145,70.21460961818295,1
17.169390770544958,50.0112752076627,-0.17608380993179606,0.7410539325387684,63.14189212183764,1
53.25040664159818,11.539464217891737,0.2112757786468229,-0.7655921886395332,33.720657556575205,1
14.284196481433186,69.20736470243689,-0.5874957723276948,-0.216281253623948,89.56747776187787,1
20.431638339897027,50.780506395877914,-0.16145667766795602,-0.9637519179085405,79.27581135728128,1
6.904590631459973,47.42550209769536,0.12135658987789988,0.25685291322917414,68.86316293078755,1
25.327238352271507,0.9978776658449373,0.44688732470982395,0.07131319869515718,83.61177032072487,1
82.13883629006943,84.33261677878832,-0.02981068004091969,-0.3327432083262687,79.155820259137,2
45.12941130292549,18.34421964034345,0.7099480391229487,0.7651197535446945,46.63097561401701,1
7.569972730978747,38.782608991693124,0.6070753189252067,0.8035480570924574,20.347274249759582,2
6.697361202527152,87.73504531328386,-0.22119012204224942,0.08352192853512652,96.80658120507589,1
6.656472791422285,64.83180074520956,-0.8517891548502659,-0.24906214306699925,80.38145451934467,1
43.34722327556344,99.71823539029504,0.11811856989320435,-0.357675694728093,22.011132590475313,2
35.05205342861618,37.25332737595508,-0.862572644552078,-0.26085160114645367,46.423851973922496,1
72.27377522388046,65.6729484721608,0.4175313104583085,-0.9832726362462858,21.766739958053606,2
66.16842883998565,48.398936817974715,-0.9893730486633081,0.6089892848636447,77.28095732903374,1
54.841916299356264,6.646332577627212,0.5330300990651693,0.1674271754627279,78.19599771579591,1
75.17469923958404,80.30020719578371,0.036016132809249646,-0.71935096361297,67.11574733796887,2
62.04737850519706,74.22531871990871,-0.6602379878985294,-0.6100496001994216,89.04095172193284,1
74.99777984520708,90.82284887003229,0.5174306423278414,0.19431061198060373,65.41327370278736,2
88.91279239400099,57.88067545119405,0.2647826486567748,-0.6870465679927988,47.39212201161027,2
71.6397111958099,27.09426983163654,-0.5954916389509302,-0.3723463835511689,24.150062799283344,0
21.491263703639586,42.48508428680869,0.8156770277670682,0.014119293477436567,18.792038081532304,2
7.697166938087408,69.61561451379252,-0.23440247112722434,0.6436618931707185,65.95107686407702,0
79.62414505413685,27.194603941844875,0.38471784492211625,-0.47187603061256245,93.90684794502916,1
63.63742815333744,32.451180017534206,-0.4609762754154547,-0.618146829856713,69.46409588937279,1
21.87156129979273,59.53032659274891,-0.4707299461492853,0.32393788958773717,81.49397285405392,1
77.80252431446532,76.08513309307817,-0.6245551886154959,-0.8232301060309626,69.89488284873856,2
36.83472137943513,43.23462264033473,-0.9377018144132179,-0.4808471014499016,3.3676403874464023,2
87.91857726012476,24.339668321853047,0.1146743391460161,-0.9220413586777392,66.6847391305658,1
32.30273457540939,89.79191869576658,0.7762363778680716,-0.34941876327650445,90.09608956904678,0
99.61576734987788,82.5415664123948,0.689742695510458,-0.5019825277818202,57.67023988577563,2
6.725591396736785,9.491793682166971,0.9977852240665812,-0.3467215011481781,74.81839120488463,1
80.66650530268164,85.80232710072292,0.995256594804313,-0.5170070294862643,4.035082685969971,2
41.1191517994586,13.008066982894695,-0.9551482216758898,-0.2791463457170278,78.37382510752364,1
56.61806912250709,31.277798921035405,0.3086840109854394,-0.5359636393823786,1.4381446072085025,2
76.43533864364274,62.374308486400906,0.52460524900192,-0.9221239666246688,83.71196278306522,1
61.95262000363033,56.33953507126401,0.24922809622906317,0.7288664937367282,58.69365065589071,0
58.095037988817936,99.06791570657658,0.513460334137136,-0.11541238909772944,70.73970000329277,2
38.92304716917885,22.8875462483499,0.19370375377551885,0.8563641962279029,92.91395200154628,1
34.19052781054903,52.7677466221695,-0.5767282028602776,0.9912622189977669,98.11179078679358,1
64.95089297074473,80.44140596774734,0.43020032256740004,0.18631643807893639,5.3347996988897695,2
45.476434255266106,67.47863021674105,0.3550632277673693,-0.2537547631552328,94.16919866580305,1
16.7357032236781,50.03594462155606,0.3817679531016456,0.39427161178361847,64.86389567688155,1
27.528821345186017,15.620656868662197,0.27188065365342173,0.19860423227887547,17.935601028924097,0
70.51391455705634,45.51719917336564,0.33552118320630586,0.6747341595403014,16.972842857692317,2
1.9144867996836679,77.91025863957867,0.21939485030523187,0.3992791392442434,83.81549749886426,1
80.28109348245005,96.09201469288247,0.07187015770423644,-0.02300873468018927,40.18871998907301,2
15.369104284420454,57.26072328820224,-0.44597495134804244,0.8426150244259509,58.31908042770976,0
59.284018050811014,35.492466087701004,-0.896021296044585,-0.9365124692540228,42.33351441531975,1
8.456537809723786,60.68469555401391,0.7619460112793148,0.7658296330374443,65.90454101322324,1
21.1231831472931,86.29968313588721,0.7721868706264163,-0.6066928300940826,73.74260857706773,2
28.651954892712293,80.26403123529296,0.9944757998072054,-0.9399479893412144,89.73658657909318,1
62.26305335986581,97.33826191648211,-0.06998096494714479,0.6947758611427475,6.239406859827723,2
33.527905007829574,6.701653775120997,0.9506862669581411,0.6339478145436734,85.25474212459704,1
93.79652314338942,8.510348611978536,-0.22880481497333327,-0.8579302219119957,21.07931015500286,1
22.936577703767234,46.91072110475787,-0.4628756650927148,-0.7980437863644778,16.749108909410772,2
14.727556355209092,97.30767979122983,0.5185850138369472,0.9355229305391239,43.974048650790856,2
27.83684816626566,79.82931972091866,-0.34749216391770643,-0.4012332525893034,23.25059922078312,2
12.967897822423534,25.646306101676597,-0.2893605030522246,0.3479884162914608,6.256484221945158,2
21.050693966534297,80.90236402916764,-0.7061561528324585,-0.3147097069549569,86.46589218581401,1
15.492531114344265,8.27368356181899,-0.03092400983997834,-0.3951609774429272,56.34083644838541,1
80.38048904834751,13.714848815274316,0.16139816910856997,0.01101752077972784,14.407878601319958,0
62.39984855289824,27.364041786077166,-0.02433136291197502,-0.8354553514458762,45.958405721362304,1
30.646346804282032,82.23812111853543,-0.8860425460052634,-0.16278545016334012,45.8431424131438,2
72.50060762991187,57.428757509021096,0.3344246743883621,0.5540985713035123,86.22029736581888,1
31.38754967224705,53.802270536390296,0.6802161568783998,0.9789022619301129,88.95193110437631,1
37.14672626243768,19.516651721865042,-0.021214925186822553,0.4832829036720845,49.25690707532976,1
48.31808633136685,83.82304210818006,-0.2771924418656273,0.7195893496232912,40.680480095172356,2
32.82331056783394,45.3989911199699,0.5248939173497369,-0.7479959442720114,19.64192158720174,2
95.1444825663092,17.54916273813574,0.13545463586210915,0.15862893332387573,48.96244620502448,1
64.47452485768186,22.982672579761843,0.10532453555349641,-0.2556534895062057,66.1667259629189,1
14.122354337314945,57.08774168394763,-0.6294592892333526,-0.4427138737699272,21.87098003235832,2
18.28377798688171,82.5710951560667,-0.4285848646782193,0.8542475637288987,96.99265253451908,1
57.126046993709735,14.30011226657264,-0.2509035132408375,0.595464526696428,36.739072869707044,1
8.701721830278874,55.678491092818795,0.6902417029920696,0.5918527742870048,17.512314013035322,2
67.27646144124667,22.05042634356471,-0.5635849308956555,0.7481435466103703,24.966895274023017,0
26.32473465180112,0.06533907612995549,0.7413380682510353,0.5851896264182694,62.7328935090678,1
75.02657639388423,15.20485674244918,-0.08335281082484913,-0.2975612253024382,9.37765262570165,2
48.61304852149241,92.07396503426354,-0.919881761898611,-0.41707817301241223,20.754093620570345,2
23.81466536656963,90.84345518793752,-0.06386189153141975,-0.0674011741203624,76.05756424552823,2
15.44922040049258,48.72653541000508,-0.14002957175788056,0.19382138109331226,99.95577032504386,1
76.9448894082047,39.78657030174272,0.6551061045480939,-0.6585832733750396,3.0463686308960125,2
20.444837246427305,34.041155611425964,0.021161514919119773,0.23025828108239965,91.06057172144217,1
50.98540095504577,50.127564462572934,-0.8995139803540357,-0.9301768946875524,55.11599619163721,0
43.81786132483445,83.91803949802986,-0.6786408305763096,-0.9500566757659008,44.903876793012586,2
23.74785567522575,4.961437333883745,0.4491965736952579,-0.776814000085505,60.83195000077717,1
28.104975016688915,17.3496050355022,-0.24049695416136507,0.6028915524459073,39.20935769045727,1
75.07696492110557,12.548629679915068,0.5455428393301582,-0.5261333501867027,67.73931298888728,1
56.57815548409963,92.91447172116874,-0.22535496404937194,-0.8676696223311191,1.9155485551252904,2
82.6858560972753,52.473563766143215,0.5504881036698985,-0.5311487999769706,34.50837455132337,2
3.010387221131894,96.14923245741122,0.33573581340162684,0.8664101755186124,26.549640742907233,2
61.146361122566084,67.84999682926379,-0.3649005994848231,0.6962184700312601,94.71614629002478,1
88.48551176960044,73.90669759393725,-0.44507064055009193,-0.4367679157887365,96.3360320446038,1
1.0284495935692028,71.60499732421445,0.41249232511052436,0.2453790818995949,99.01088460868658,1
31.187943576372522,33.997186379324816,-0.8421211941068889,-0.1144037269125251,26.10485262348481,2
34.338670217764424,83.45717902556277,0.8709690270549915,-0.6285338559896287,37.25089315534659,2
92.8630562115394,6.180846068922263,-0.815278943777243,-0.6744180215875413,59.521283412687474,1
15.047227100599747,96.80763814507335,-0.10657094548295931,0.0030359207003327615,24.66586158054065,2
47.09602524347335,66.19136326370115,0.5023542739080855,0.507736165419826,57.789111269408835,2
90.43597749938573,81.74078473061094,0.5140962293972509,-0.8887889566390788,0.6877962219649314,2
21.244727719547296,66.35235939134523,-0.17760502223490837,-0.19518748140137654,88.45868882296138,1
89.55628481318388,90.91752640535857,-0.3722438469699454,0.3821116254785235,27.163318127436963,2
19.060983307444978,18.463245734736923,-0.31578475827281194,-0.14008476044035656,83.09491710550684,1
11.98910934727121,73.49258473948942,0.0629098283786107,-0.42410931464801505,49.281958453282456,2
29.994206977702266,59.608195523830595,-0.1323121542895116,-0.6711889418422425,11.658307455569672,2
54.66956820721302,90.24130332861034,-0.3120846268846289,0.4660002144452464,65.8661354939767,2
93.1554914309481,82.09810172991409,0.13321051781092597,0.3140609964682146,89.83864665840349,1
39.95187845869348,32.679470585777736,-0.9783778327296073,0.6531021483829285,80.0980700403365,1
10.445451810015138,57.68573811327003,-0.07203660366622522,-0.7625818089817771,98.05682270607235,1
21.469588746335543,6.723418009056115,0.18969475900381916,0.47773335426606534,3.2443446047186963,0
65.87176387270222,53.22918759514545,-0.7934699822499032,-0.6549522461072759,56.79742973160805,0
29.63576135132884,93.8315728651316,0.6374804589681016,0.9671344130273261,25.967083895041398,2
96.9723632797977,43.12338697915579,-0.30496240937249075,-0.8993009460612935,5.276525785960262,2
69.20112559466547,45.79289944340279,-0.5469567479277886,0.22794061265046528,25.285811825011116,2
57.76317543444226,35.92087469826903,0.6471044532236381,0.6413923215335586,47.73503981224013,1
35.08191093350156,36.25597965590946,0.6114290513364358,-0.343641034404776,20.9059373706846,2
8.468834187530682,46.66931208844084,-0.03573580216031624,0.6818174208058143,22.123869644606398,2
38.099127366839994,80.8405738893691,0.647247221497947,-0.2307778480424636,45.91240232866809,2
30.328589084928293,93.2554878419312,-0.7627124685168394,0.86749884600294,68.38664518353433,2
53.15721526867312,3.2659060784495875,-0.04880761635598341,-0.18450378999453543,16.121881197512256,1
65.6409603500657,97.11509073682858,0.12437762212905024,0.42950655288789163,6.845045256601678,2
41.76669958169947,11.635848516449588,0.2255916710730208,0.8769643164283092,66.17777324716386,1
7.680304831442153,35.466620498508284,0.10132675888170306,-0.19358448773349557,83.36440104751723,1
81.46710047099891,61.183102010322145,-0.2530841097345895,-0.4893272524735117,10.587431821312931,2
35.4897683486554,41.31725172077195,0.3516458502081472,0.31631964859514694,7.0108139641256955,2
39.525931543115775,18.177886721736193,-0.6863745893663886,0.6546042994744918,4.191521671625753,2
41.91828759021213,16.82036557665182,0.758660431356948,0.11408102655007024,23.1380636376848,1
50.24272871663764,73.14863597031159,0.9162360178388675,-0.5591079915091621,88.61817721293451,1
93.43041141674902,91.64205445320663,0.27082871372381967,0.2596413088694154,40.32106331838228,2
75.23978823037879,53.12940183509319,0.35487614245658894,-0.1430841923024091,73.14964640431391,1
82.4471517604549,14.64362566028161,0.665859431148456,0.08059306358061447,84.46659090902243,1
43.13017063410146,37.904048538303506,0.8301214650344448,-0.4976614649031974,84.42123252861431,1
48.40205725094041,51.40954425512597,-0.38306343702103196,0.14608440123803135,32.52111962762113,2
3.926941424165231,27.199860534435604,-0.9872419131868186,0.9567095741137133,96.57472098197475,1
39.5155297472305,72.8370854339646,-0.30838780317915004,0.3421863141719521,80.54300430459791,1
94.67562446922408,40.0212275849672,0.5665959659120954,-0.46814309873576243,99.03323037936484,1
2.5769598764351143,60.3528806501121,0.31901196330265424,0.3760911141482577,12.038757878908902,2
93.85297834731304,18.11832790500828,0.24550680647968215,-0.5546478417538301,30.72164170212709,1
54.645854172812435,41.719341856457646,-0.6795487980469874,-0.6581271951583034,41.814478816279966,0
75.72829782755008,89.79646468477885,-0.8317446754812343,-0.2137921848811979,10.024556372287662,2
1.6592480632597884,66.17186826439566,0.20489888393317557,-0.6739617723702276,23.38128330930641,2
2.370775364451838,83.49472056944037,0.9493811920971029,-0.7290809264106184,23.147521376529813,2
86.8409523946934,92.64637979561849,-0.16074523438637933,-0.8987550554618517,3.93918336928194,2
57.39498660690104,39.2895108893179,-0.942695144844691,0.16650478462511353,1.1302536589022472,2
78.73719581492729,30.643282270337156,-0.9194839939815358,0.17670444196630664,39.76844144330547,1
97.38004133571495,54.41986625037022,-0.44952163792598343,0.41887772926794953,27.149200254271133,2
90.42432914075651,37.47219705073764,0.09973712555241043,-0.8988537923515423,42.61212379522308,1
83.2363539660995,80.56488053633419,-0.5513628822929475,-0.5478418579788746,81.73053122132367,0
93.03984201693255,9.536092127300355,-0.09988272114754948,-0.32509144207154206,87.06884554574394,1
8.352491468001876,21.112594255803742,0.5049366751729887,-0.8974123020375688,49.25353807142893,1
44.210703467972,33.44011789887487,-0.21085536936215243,0.059881173860465875,16.136735838838312,2
57.19958782835928,80.54323292999864,0.5203218595803181,-0.6922001906124526,14.92494697414739,2
26.817436774491334,36.10747263410372,-0.1830888371830348,0.35939443366669055,5.66804321658354,2
3.4672704226066386,39.191056294390904,0.3943273842759609,-0.6131293140870349,64.15044812562518,1
25.982813794029948,88.60861088135164,0.791379888533233,-0.405425591437347,22.99937539632405,2
41.13039720662313,24.05315851801487,0.3447676865834073,0.652129369096571,67.3092130911217,1
82.43504472493495,39.69921622074742,-0.6873660585822783,0.4759018947951843,36.047450514155386,0
67.12708252291326,27.064394198176565,-0.8375407303866547,0.9851635909755267,15.620150793059928,2
98.8420993963481,97.72799325664472,0.5876362078160793,0.31884592416399515,57.78070502510847,2
86.61015453778347,28.943952161948793,-0.06463757503024592,0.23877993873300385,41.11904758694911,1
42.7486454090268,33.02846675020844,0.12846363336907207,0.701149056030232,20.152837800631286,2
93.44330387534414,68.90876537482296,0.6465464253600604,0.11238138526002328,77.95167014240634,1
1.620039733946721,81.83804247795352,-0.919722281829267,0.779826752725725,99.19627472386433,1
29.40674621767778,21.031855628579365,0.5307267277160814,-0.49394731815949355,86.55623831722035,1
10.28425921574767,12.595519637935826,0.9583031102012312,0.3476777965400093,84.68872244289528,1
32.4329377351518,67.64837495206044,0.1884836546171944,0.206300240245894,68.25324595377215,0
57.53591731290986,42.906236930266594,-0.4481546112389063,0.537162661826404,22.62724300031862,2
69.23543061544142,23.333282264932663,0.2506603399089078,0.49415653425805783,21.87138889065392,0
5.994330086130828,13.097374299417408,0.21199393454205095,0.6988928124514711,4.499682123542437,2
73.41512590416463,34.13186459500521,-0.042943260160954955,0.8577190996911312,33.19715047358455,0
46.5336933939486,1.3682414760681105,-0.8368025599903233,-0.48281681773043195,2.7852240821074403,0
63.1375326048251,42.63983568016225,0.09629040545604406,-0.6507056282073409,29.593202943661613,2
66.38244748527251,96.53027236303998,-0.8991664527955816,0.7807686417105322,57.68812013112085,2
56.39195667556237,50.027853520776034,-0.8612118281916332,-0.8202462965276787,60.09120056590861,1
34.09585714355583,91.72680665776807,-0.18681892528105548,-0.7134370825947178,71.4718833502036,2
29.335342144100984,52.54703073558932,0.39566557101034006,0.8005282224041408,79.2191194801676,1
67.63610678727241,67.96331823951436,0.8918492880641731,-0.4083518050069279,0.11120941961874076,2
27.19545593981987,21.7891379626744,0.32366917022799635,0.2674231995310581,59.34613827047238,1
1.62434432094537,72.87780544506475,-0.35293917502901695,0.3301119780132622,55.65784285021533,2
34.27309254279072,13.457626710410775,-0.8111622046790381,0.6630366662244471,91.8397542081558,1
64.97880467642996,10.343411486048337,-0.19594556622351855,0.45787840021031445,77.9820884010068,1
11.82186222910886,0.003071884538241587,0.42427409176121,-0.28680764802758874,25.448133161826025,1
1.289746978952544,54.02994067614997,0.7023014708519635,0.9152632925451758,56.574495061328925,0
51.44613277398942,8.50563854892411,0.09774560308519953,-0.24004184206921075,60.71352808835769,1
38.87263478765467,24.029912345036674,-0.810069449543247,-0.37016311082220854,9.664483428775227,2
17.689695082398394,98.73361585795459,-0.11179288618676275,0.0637435330100331,87.36185287372153,2
99.55689004906878,58.27144493446815,0.6249476420883433,-0.34611795132664946,30.57439574472911,2
40.27037209945602,67.25072626736491,0.36438337851019753,-0.3695211307010984,13.320992413662868,2
63.239625646550856,12.832586218876452,0.15698501645866014,0.38684425611261797,70.06114963944516,1
75.34721106595967,87.28594215656645,-8.201607042312986e-05,0.46049837905914237,61.91727353658367,2
18.663993979768257,2.568964486940817,-0.43091722864613247,-0.11393258732476119,61.71059444286563,1
84.99593305032053,19.624571670616564,-0.7489004202030458,0.926959894948655,10.80445593764071,2
47.84910701071892,58.55637287933019,0.08274884181487652,-0.8279356859341136,5.702691400361937,2
10.548342746103568,58.55876838726125,0.08868977526864219,-0.5325184159265115,63.777414184559156,1
82.00675020556494,4.157895984659376,-0.0037401129039151826,0.37862082420538057,25.23119270696871,1
30.77709052931491,61.36379029893838,0.7958705868874738,0.6198488406057987,58.31302190995835,0
73.02217177572491,36.482247020779866,0.28193105619751546,-0.06763681774488606,18.993613645756092,2
70.17382738772572,55.646463734882204,-0.2827568360928172,0.8226783801572615,2.0934117826733267,2
31.5773151249496,5.688139777764656,0.5330546324432544,0.4042149082275852,33.13522187363171,1
67.5662902207073,39.593722619594985,0.5125075828448686,-0.09163267452658785,41.22797278316656,0
93.4729915488301,25.087909989070024,-0.7591053200068691,0.16908622651891636,96.93218122841789,1
37.783921372718666,6.203676362878152,-0.3213894653808651,0.011863308639116887,16.19230066322137,1
65.8102218056492,99.77493890102006,-0.09652104803711237,-0.2905428865395747,40.070416683446666,2
11.514617839520113,88.32736014262238,-0.17034868895729605,-0.22545117715031737,65.96902729304743,2
44.203342093112354,64.8233468807846,-0.877107419738425,0.6274466874444549,94.05039528794026,1
64.8765386159386,95.45659288588108,-0.6971353712600734,-0.045167621039292616,60.180673394544726,2
58.17366474211867,40.14617790890432,-0.32383118126747723,-0.7463519548991624,39.17424505622782,0
16.266081510548513,73.43656764922184,-0.58233812901082,-0.8828693894309323,55.236613781723435,2
59.52297327194016,87.19130612805056,0.15396322483536373,-0.30903829255310855,80.30118815263205,2
54.027889318742105,7.928028463119174,0.1317011206264933,0.8160370908433248,39.631262549822054,1
29.632580189980008,14.346945701802005,-0.6971089561292854,-0.13445703131636222,59.56798241615295,1
8.061540516960175,93.95685890251657,0.5102672348903918,0.17324783656732534,82.84386709389908,2
8.01867568121133,47.68388777331244,0.2601862537233268,0.6573058122365785,78.34695600492677,1
27.706924971339962,94.08801695592042,-0.7513083171382593,0.7502672372423043,97.09402496046185,0
17.715352322262557,72.20660642037853,-0.9194289624440031,-0.1891543497216901,51.6283299197674,2
58.064522590963406,93.59372482485595,0.34450137458838936,-0.037444097561526,80.96750362658894,2
95.05328209544089,2.2066148682290843,0.9650425445120774,-0.8277357218726393,81.43867792687614,1
28.033475255141248,13.217965775387174,-0.1202887205723302,0.28791315889522706,38.0951845023475,1
5.456540828269896,59.94611396587166,0.8048065522213494,-0.2335692681054966,21.633277763082702,2
44.25773459328154,4.836271104878087,0.6409751689605496,0.6526816219003735,58.800046342962844,1
35.31028889383895,79.97833644457833,0.10937404957673436,0.6518646171000324,63.14587925830206,2
78.44054732127972,59.856299321776,-0.17171786356866758,0.9158917198522751,54.11138248788448,2
60.50895185405384,22.048763941474924,0.25130157885455295,0.1432152989658877,18.483839794702494,0
5.958709735314372,60.43593197147711,0.5273845387006411,0.04680274184401645,22.67726253196457,2
66.65219766930349,8.010572660960225,-0.11633259039609078,-0.6732664832031596,18.445905105988338,1
20.229394915820365,38.67070570439779,-0.8976995887592047,-0.20441311814180363,51.170744711470086,1
48.329428496632524,38.27841004030405,0.678293216141505,-0.7093466151589918,50.5696743781374,1
6.20414169565543,7.1155678877909745,0.1477316993541926,0.1320368497756419,87.8033512844457,1
55.78736756600732,95.97910204048502,-0.9026103032001405,-0.8039846304385179,4.40658615703814,2
18.527685033354004,54.12701109416781,0.291144362854856,-0.9088296841026624,94.59708898455993,1
84.2165376650381,29.661248215709314,-0.8456249395470641,-0.6602258535618855,12.694441375497266,2
12.328377929894685,51.85616886657339,-0.5083051150131994,-0.2837205669417111,98.95053333843225,1
68.43142489253448,94.89806670470014,-0.7148868899337688,-0.23572105033486146,55.47318032823543,2
7.675806188873802,0.41874436279578653,0.34086866759383505,0.2836390336028707,41.07888099996118,1
48.96440760320326,41.54430005920896,-0.9519899103102223,-0.32925678756507515,17.708225539728982,2
9.842418910136875,95.67204338893498,0.19871945008433123,0.45731256847320534,31.53637432661175,2
39.31471294940152,23.692399389672346,-0.8060686580691505,-0.6419367251168324,79.75140452964858,1
67.75458051837758,54.69288759854769,-0.04982025426646386,0.8448685673122489,7.273494777866841,2
28.060081323791596,34.9937853570714,0.5648516244255757,0.9850292403239427,24.067051475715306,2
87.43073341370805,83.06227604317912,-0.5506852047164668,-0.20133483960155485,40.96728692925191,2
97.82206685265584,18.089190137889833,0.5983159422095641,-0.33161457165378017,73.08703457761604,1
42.001100429566286,57.835976311654,0.6652235466522622,0.6083311299677683,86.64231835397001,1
5.961732534465902,69.20505530397449,-0.7200252465564743,-0.168362863963178,54.858841505468845,2
40.273948474683074,51.961167580300746,0.9930526175972383,-0.7295653725742905,67.54560453364256,1
39.600096638561524,13.300979890732878,-0.6825264732513809,0.8985462124912338,87.9601496711762,1
90.70419604150219,99.15327758273865,-0.5833692199829641,-0.2891213252718765,66.92190299248666,2
48.38025398606472,41.83895333783335,-0.2843775013288139,0.18756126388690442,57.5593428640082,1
16.14578340642401,47.173983751843906,0.10694355241969977,0.14057387746278094,21.01071929123518,2
74.22713922522868,2.5199094821069634,-0.2903362889136747,0.5604252970712671,56.389292105540235,1
26.116243251086026,69.49531193430477,0.13478188831214677,0.5924872189127743,73.50251861898234,0
61.01079220362347,48.8177675310814,-0.7336357486649532,-0.47733396422923247,41.90994729170853,2
59.92992870063887,51.37078552153048,-0.42363094808094104,-0.9870712844205789,49.623922190081394,0
28.56259885622431,73.46083007105351,-0.952107469459033,0.16965562261158174,94.14742375060654,1
17.440926711149952,47.16494907505954,-0.8171560163657237,0.2513638245227052,55.05316805962256,1
40.736552421283236,52.13770214737412,0.7931493169380204,-0.6074113953778659,2.2564511705347234,2
86.16648846991009,57.71170823879065,0.7813169109236848,0.19389044682634515,81.01610899597024,1
42.967336335514794,74.98599312882688,0.826082933779712,0.14424592744441256,18.078515056237954,2
26.879761503019818,19.86445768974058,-0.5062859448085342,-0.38716910129792725,55.51337867531885,1
58.79916294638328,42.649974724186116,0.23084155964167086,-0.8368501487772682,8.778823705815997,2
17.182946035765845,51.80774980403447,-0.5720106426033729,-0.43343119301484534,40.03128361729941,2
81.18661240103798,1.3862135912860118,0.2987576404732448,0.3377530620813707,79.86557803566366,1
93.27529390603132,2.0137848949289827,-0.6924325889735676,0.7723425881119861,45.851856218701535,1
56.459063893346354,66.30272037231474,0.35813320899127477,0.8634808066330164,99.69494174116697,1
72.01574609309402,28.72212092051508,0.7595048045886872,-0.9015581709184768,23.10808528744962,2
89.73857174637149,25.619151443935493,-0.5586978807565031,-0.7237494137195055,85.91117576469165,1
50.00582591910867,67.48932030541548,-0.5218672318499407,0.516080842022433,76.00055449620984,1
31.259802490830012,41.06826330102828,-0.5806194451395983,0.9531220466458086,64.56025770584117,1
93.45438807155155,30.338554362913317,0.5637818259937795,0.531717287769484,69.16556518665415,1
96.56389752668004,39.355533610631554,-0.7385653528204854,0.3434177184881215,72.93098004772062,1
57.506057345881466,20.681789313339628,0.008911883338710735,-0.3756205268617412,42.746652816668906,1
64.52185758446639,74.52147426908346,-0.5355506181973138,-0.1893492787060933,26.91615709916292,2
19.86316138618691,78.33872199958384,0.8185053888739848,-0.25953562863084656,75.12789243737669,0
89.69952893644111,84.61242105302316,-0.6343732229215482,0.9125837630267226,37.66764404294625,2
33.92406611738363,6.2431327277780335,-0.027652691790233996,-0.7819727687181426,24.853982092742598,1
31.694262176728138,80.8826323491684,0.750977300791793,-0.39506736507706064,85.86981212445738,0
85.72309373697911,76.46509503848735,-0.7066097719696369,0.38064569380145796,94.50240645805688,1
68.2540478767157,33.16168491078339,0.0011586348616625664,0.29145008670210726,51.05704087285036,1
11.995294173096982,31.206404465202063,0.604792061107265,0.7228360921910348,13.730003271557024,2
95.23867523987246,32.88226178486093,0.32462747746143994,0.5036502919133623,81.19462346378835,1
94.57497022259301,31.29195480288226,0.717012909103109,-0.7366261931275859,70.50409063535928,1
74.19777295139859,67.77232412013204,-0.49537052772969403,0.7460862940304067,16.8858463370395,2
5.363479152083084,71.74649906119122,-0.04904856953453263,0.6981960399173521,38.3397141058259,2
16.827858850771282,83.64421924698698,0.09781926328014334,-0.6216084152192902,72.03839985864458,2
51.111363848950056,60.431298224031984,-0.07820332358683624,0.6574179676360128,82.95627156830498,1
70.93888218243862,10.540137739646227,0.6777077238081377,0.3420259610658196,69.70241660042996,1
36.298284040387166,87.92795561570067,0.45074320046971494,-0.7748190669416111,40.77780344061627,2
88.63803619601417,4.719670169737899,0.922833239284099,0.3583251366391256,63.13759776433766,1
27.05592564879914,24.879178873917706,0.8841164389771909,-0.4034550915317545,77.55052967189994,1
39.31217982070792,13.925407078470398,-0.9785694046092821,0.08851467403050162,97.57788185489326,1
36.91361938092045,35.719233399304485,-0.3118167643011158,0.04108767460971685,44.06648834242935,1
87.99146267270145,50.55207917234903,0.015515676377137577,-0.7232568105588868,98.27395409103859,1
24.99728908688297,7.336406745960266,0.3262924979504176,0.19073274031374532,41.514565399274574,1
42.2192233880678,78.50639210464311,-0.6085747198007019,0.6405066378897795,64.87471138950181,2
41.89697737795244,45.80286165838686,-0.4867055856278084,0.5042286653939496,51.287474230526776,1
32.08545427498436,59.60501157609502,0.9914689041026461,-0.12947544068689232,92.06914007786196,1
34.50168399245661,5.4732706924985886,-0.5915157872631422,-0.1626097133446316,21.963492859456903,1
0.02270382182555375,91.50015377475272,0.687758822461858,0.48458446297389424,16.781459564602862,2
12.036357620998606,6.760474947238315,0.44805837754584243,0.8576159213757706,43.053582091303696,1
11.914067199604816,51.23928207321066,-0.30233618508273974,-0.2503501513000046,62.13306241557073,1
71.87181132622024,11.060359887316086,-0.9288195383870472,0.9886606053714297,23.272834891555185,1
5.383052490845907,18.987532909591998,-0.9220843073030716,-0.21637821076565666,80.24017844513243,1
34.124444975772064,44.418340687836654,0.3511735471348776,0.017788140139760378,86.14456860213242,1
86.60356750457565,0.9910695491153643,0.5560926129663983,-0.07853279951665226,98.88405413036631,1
48.323207587543514,98.68959453882975,0.5091387224114732,-0.5027902307733874,53.83949792869577,2
99.21356394785828,85.75306077519237,-0.8052662124175578,0.41274399361999214,34.5579585870813,2
0.6982261880348117,40.34809690269996,-0.5304911565500574,0.6377385410409431,33.733060884576545,2
82.7523693953817,0.05979388347953085,-0.3843616999477617,-0.5176695713844761,23.3567361068611,1
6.81866197654627,18.712427041050173,0.11109913977123975,-0.41727785432451103,41.73947823291479,1
37.68668803471885,87.59049249998945,0.8105979980210309,-0.014086056688279891,33.01559503156044,2
10.680070400236364,95.3402879382095,-0.8795461101994051,-0.4046994448634391,29.806620117000413,2
32.04012861402149,16.428684327240926,0.5663228618473943,-0.7550042760680216,63.49066591531628,1
12.384602670581746,7.053563759295656,0.818859007371753,-0.6197424673625886,82.12501545597043,1
54.46308711071358,7.78565196087696,0.910896382876135,-0.506077666016215,85.96453453526065,1
16.88100057845642,85.39428821418528,-0.973542374189412,0.02356091313896136,76.94425794215569,2
93.47955174927833,90.92021362064871,0.6392497390952898,0.7763826993226082,19.92196858370765,2
28.418429571172876,28.89685249210585,-0.24589213799660237,-0.2133586592296226,54.45553246546755,1
15.987976336644138,69.12466637859893,-0.664866921390987,-0.37938303579090493,50.33451306061541,2
79.64405615234773,73.94692332387272,0.2910687128210445,-0.6884534788396597,54.70453456155777,2
8.744650179988545,37.73631767966508,-0.17296693942008168,-0.9203771211084923,27.398809946997183,2
95.56494672664894,95.36326078296895,-0.2953458914949214,-0.9137997821033519,17.909493932818155,2
39.221779343354015,94.77796979692297,-0.7176018729256302,0.5270316873364245,10.868253937469207,2
98.12575773912768,38.161649910913496,0.550469077798112,-0.31481783437773636,62.76688771588087,1
19.201608474003674,14.602101929696254,0.8761282791362626,0.8352945558088669,88.74689402128824,1
62.543345016659345,80.82682112162783,-0.8619261261772502,-0.3304219162186417,31.37031247571562,2
63.56453219526132,35.59577734706405,-0.7029864367126384,0.19293415082708743,81.43839206690815,1
38.21234944599732,13.22687150984817,-0.6066236053743539,-0.525033389661232,29.989759299453624,1
64.27950705063091,60.0945484537719,0.3921597231340783,-0.27499603093697367,82.39976518799783,1
20.40876611557603,46.90407475181539,0.6018774430828606,-0.6396827045347615,10.986311374078294,2
88.36839676879897,34.29296627591959,0.36774024981806397,-0.949302791472123,69.00468884094497,1
31.61013115469705,5.574085358744174,0.21962552309623407,-0.5183923678536535,38.680724205188,1
8.058081228651359,14.716325109494532,-0.4040455290083125,-0.8204809988796857,91.08262646863152,1
0.6047043183978418,48.38602188643114,-0.7535050837348971,-0.38464182104410294,92.60595598182655,1
16.169455327398687,96.58323197183326,-0.5884112460211566,0.48313221693365915,54.66772648973117,2
88.44787275967592,55.399325550313094,0.06911843831261733,-0.6090839992632002,16.62293620516587,2
91.64891511155142,32.78381988500341,-0.25583549007420814,0.5196473168567768,33.882348242280734,0
95.20624466390028,73.79277689988002,0.19485848514684,0.761790321089505,4.960590834948276,2
25.706269218920873,46.50363342209099,-0.546042921056958,0.4878103746043039,91.92080310537251,1
42.37701199309234,34.2132600111895,0.9231014642751325,-0.11029513434491833,48.90484004492832,1
35.164987234190534,90.95484730121383,0.1379109665637015,0.5243491743632893,81.18067183508863,2
34.18490419172582,43.369433132038004,0.6969435488125293,-0.2734892966483795,79.39351334518513,1
94.09923225744372,62.3210373068007,0.48325457490377777,0.6101946240822698,84.50396488966425,1
39.505333785679596,5.126345917599817,-0.19624745752652095,0.34751245956817955,45.03503857807928,1
74.89631508603985,35.69824294686639,0.2694882822080591,-0.6271603902920508,74.93694366449569,1
54.56959688130259,20.40643885466006,-0.4161776530043855,0.49721741716366474,48.26012356615207,1
21.60314403930722,96.72711903702977,0.43025003963377584,0.9142696650795923,42.71050453603432,2
47.51003406917205,89.79552161850192,0.050098680490769265,0.4145578238113343,25.217287749552998,2
44.67264687026405,12.34498658103551,-0.5880399282460766,-0.9981131694647378,3.926505164866023,2
97.72838231769293,24.23536951367623,0.3266214190080039,0.6781993975992231,55.066045923656425,1
15.31445000839562,72.81164373361663,0.2005028201991661,0.46250117869475016,76.97466228570872,0
97.54103676847451,57.356328002671,-0.31671777461879635,0.29692911380047415,6.844070924262613,2
89.73973183215863,11.938101133819679,-0.3443143242283635,0.6314907612522418,59.731237833071184,1
